timestamp,emg1,emg2,emg3,emg4,emg5,emg6,emg7,emg8
1526902713177072,10,90,88,25,8,-3,-5,25
1526902713177072,-4,-24,-38,-6,4,-16,-6,-3
1526902713178071,-2,64,21,28,8,-54,-4,-14
1526902713178071,-4,-51,-103,-16,11,5,-8,1
1526902713179067,2,-22,50,2,-33,71,20,12
1526902713179067,7,96,-31,-28,-24,38,4,-5
1526902713182058,-2,20,10,17,21,-45,-4,-11
1526902713182058,-12,-70,-61,-9,12,25,3,-11
1526902713190037,11,3,4,-30,-27,10,4,10
1526902713190037,-21,-25,-4,-5,-26,-4,0,-9
1526902713199013,-16,-40,-31,-10,-6,-11,-2,-21
1526902713199013,22,37,42,20,24,-38,-7,8
1526902713205994,-7,-50,-55,8,31,-31,-19,11
1526902713205994,-3,-15,23,8,14,-3,0,6
1526902713218960,3,4,4,-3,6,19,4,-15
1526902713218960,-30,3,37,9,-14,5,-3,-13
1526902713230928,11,8,-15,-8,-1,1,-1,4
1526902713230928,-13,-15,-4,-3,1,-26,6,2
1526902713233919,3,-8,3,-11,-23,3,-22,-2
1526902713233919,7,35,8,-13,-15,29,21,-3
1526902713250874,6,5,-17,28,25,4,-14,13
1526902713250874,9,-6,15,25,17,-13,19,-8
1526902713257856,-23,-62,-29,-14,-9,29,29,-20
1526902713257856,3,39,27,-19,-5,-1,13,16
1526902713297749,19,-8,5,14,1,-18,9,27
1526902713297749,47,35,-5,-18,-15,-7,-6,2
1526902713297749,-39,-36,-9,0,5,3,-46,-33
1526902713297749,-16,-63,-15,-7,1,-3,-7,2
1526902713298747,10,45,0,-13,-8,-7,-8,13
1526902713298747,-13,-8,2,0,-4,2,17,-1
1526902713301738,-6,6,-3,4,2,7,-2,-21
1526902713301738,14,13,2,2,0,1,1,-6
1526902713310715,-13,-23,-3,-4,0,-1,-16,2
1526902713310715,2,3,0,2,-2,-7,-3,-4
1526902713316698,1,21,-1,-7,-7,2,11,-17
1526902713316698,1,-2,5,4,1,1,1,1
1526902713325675,9,-1,3,0,1,2,9,16
1526902713325675,-20,-7,-7,-3,2,-2,-11,-5
1526902713338639,6,-43,-50,0,11,-56,5,-2
1526902713338639,11,0,-21,-3,-5,-32,-4,15
1526902713347616,4,-59,-5,12,2,51,3,10
1526902713347616,5,72,80,22,-33,1,4,3
1526902713353599,-18,60,16,-18,-26,104,14,-18
1526902713353599,8,2,-37,-3,27,-56,4,1
1526902713370554,4,-36,11,25,-4,43,-11,15
1526902713370554,-47,-35,-95,-72,-40,7,-5,-27
1526902713376538,12,1,66,8,-60,-50,10,-10
1526902713376538,17,62,41,16,-23,1,-10,6
1526902713392495,-9,28,25,-22,19,-24,-4,-10
1526902713392495,8,-33,-24,24,72,-13,-1,-2
1526902713398480,-3,-1,-22,-3,13,-1,0,4
1526902713398480,-4,-8,-15,1,12,3,-2,-3
1526902713407456,5,-6,-16,9,1,-39,-9,2
1526902713407456,-8,-6,8,4,-4,14,0,5
1526902713413440,10,-3,-6,-8,3,12,8,3
1526902713413440,4,-1,23,5,-10,2,1,10
1526902713430395,1,15,-7,-14,-11,-10,8,11
1526902713430395,-28,-36,-2,-4,-12,15,9,-14
1526902713436378,0,11,3,11,15,-26,-60,-11
1526902713436378,-22,-25,-12,-11,-2,4,-9,-2
1526902713453333,32,43,-1,-7,-14,15,-29,0
1526902713453333,-2,7,0,-3,4,-2,41,0
1526902713458319,-22,-22,-12,3,18,-18,22,-1
1526902713458319,-12,36,13,5,-5,33,-117,-9
1526902713467295,42,12,7,7,-2,-16,61,14
1526902713467295,-15,-6,16,-3,-4,-21,5,-8
1526902713474277,31,39,1,31,21,11,11,-1
1526902713474277,-16,-48,-13,-32,-19,42,95,5
1526902713490234,-28,4,-3,0,-5,-13,-53,-10
1526902713490234,7,13,2,8,7,-8,-26,-5
1526902713496218,-11,-20,-4,-21,-14,11,-13,0
1526902713496218,20,11,-3,0,-2,-23,2,2
1526902713513173,-8,-7,-7,1,2,1,16,-8
1526902713513173,3,-5,1,1,4,0,3,0
1526902713519157,-11,-3,-4,-2,2,-2,-25,-11
1526902713519157,18,10,11,13,4,-4,13,2
1526902713528133,-20,-21,-17,-11,0,-7,-6,-4
1526902713528133,-2,2,-6,2,-4,0,-10,3
1526902713541098,13,31,10,4,7,2,23,11
1526902713541098,3,-28,-45,-3,24,-32,1,9
1526902713550075,-2,6,46,22,9,45,10,4
1526902713550075,-1,-48,-84,-27,-37,1,-4,-4
1526902713556058,9,-30,-8,22,21,-48,10,14
1526902713556058,0,66,17,-6,-11,42,-5,9
1526902713573013,-11,44,27,7,0,-36,-1,-8
1526902713573013,7,-77,-80,6,99,-9,-1,-1
1526902713578997,4,-8,78,31,-12,94,14,9
1526902713578997,4,29,-56,-57,-89,71,21,-13
1526902713587973,-12,11,33,-30,-78,-27,2,-18
1526902713587973,7,46,57,13,-1,-38,-9,-12
1526902713600938,8,-12,-32,7,43,-75,-8,2
1526902713600938,-11,-56,-16,32,59,-51,-11,9
1526902713609914,-3,-13,-27,-2,19,30,-2,13
1526902713609914,1,26,28,9,-4,0,-3,1
1526902713615898,-1,-13,-19,-9,-6,2,6,-2
1526902713615898,-3,-1,23,3,-14,24,-1,-11
1526902713632853,-15,-24,-34,-29,-16,-30,-6,-5
1526902713632853,1,13,35,42,19,37,14,6
1526902713638837,-8,1,-19,-44,-44,-15,-24,-10
1526902713638837,4,2,21,10,-21,-2,-2,2
1526902713647813,-12,-10,-16,20,63,-21,-7,-17
1526902713647813,-9,5,1,8,-3,4,-25,-10
1526902713661775,-10,-9,0,-10,-13,15,35,-8
1526902713661775,5,-2,3,-24,-1,1,25,4
1526902713670752,-14,-31,-18,0,-9,-14,-16,1
1526902713670752,9,38,13,-12,-25,27,2,16
1526902713676735,3,-12,-13,-4,-5,-22,-5,-12
1526902713676735,-10,6,14,-12,0,-26,-40,-3
1526902713692693,12,-13,-13,3,2,11,12,12
1526902713692693,-15,-15,0,-4,-2,5,11,-6
1526902713698677,9,23,5,-4,-4,10,19,13
1526902713698677,-14,-30,1,14,16,-6,3,0
1526902713707653,-5,2,-9,-1,2,10,10,-5
1526902713707653,10,8,11,1,-8,-10,-1,1
1526902713721615,4,5,-5,-6,-4,6,-10,0
1526902713721615,15,9,13,12,11,2,7,2
1526902713730592,-7,-9,-13,-6,0,3,-3,-4
1526902713730592,-3,0,13,-9,-13,-8,-6,-6
1526902713736575,0,-21,-14,-2,-2,-5,4,2
1526902713736575,-5,38,-19,1,7,7,5,-1
1526902713752532,0,14,38,8,1,-7,2,-3
1526902713752532,12,27,-15,4,1,-9,-9,2
1526902713758517,-9,-40,-28,9,31,-79,-13,0
1526902713758517,1,14,-6,-6,-23,74,5,8
1526902713767493,-2,-55,-45,-23,-32,-20,-3,-12
1526902713767493,19,-11,-35,23,82,-108,-12,18
1526902713781455,-7,12,67,4,-25,117,24,-4
1526902713781455,-7,27,-17,-36,-84,-14,14,-23
1526902713790431,4,16,-37,-23,-36,-64,-2,-9
1526902713790431,-1,-42,-19,-8,10,-25,0,-7
1526902713796415,-8,-6,-34,-21,19,-67,-12,-1
1526902713796415,-4,-32,24,25,48,-26,-17,8
1526902713812373,-15,7,18,10,11,35,-3,0
1526902713812373,-8,13,24,8,-20,1,-1,-3
1526902713818357,3,29,6,8,2,19,-14,-2
1526902713818357,9,-9,4,-1,-3,16,20,-2
1526902713827333,-3,0,-11,-8,8,-2,-3,-5
1526902713827333,-5,-9,3,-12,-20,32,1,1
1526902713841295,-12,5,-3,-20,-27,14,-4,1
1526902713841295,5,-16,-2,60,44,-28,-30,1
1526902713850272,28,25,4,17,38,32,82,8
1526902713850272,-3,-2,11,-11,-20,25,-22,-22
1526902713856255,3,20,17,-5,-20,18,16,3
1526902713856255,-31,-63,-10,-26,1,-57,-6,12
1526902713873210,66,98,23,7,8,17,-38,23
1526902713873210,-26,1,4,-28,-44,10,11,7
1526902713879194,-19,-32,-27,-4,3,-10,64,-3
1526902713879194,-2,-17,0,15,34,13,-12,-15
1526902713888170,-4,27,2,-1,5,21,-13,-1
1526902713888170,-1,-14,-3,-11,-11,-9,4,-9
1526902713901135,2,-2,-8,-10,-18,-32,-41,-4
1526902713901135,-7,-16,1,-4,0,3,2,-2
1526902713910111,-12,-24,-3,-3,0,6,4,-3
1526902713910111,7,25,10,6,-8,5,-12,-19
1526902713916095,-15,-1,0,12,12,0,-4,-2
1526902713916095,20,10,4,0,2,0,14,2
1526902713933050,-6,-13,-6,-5,-4,-8,-13,-1
1526902713933050,-13,3,6,-2,-5,-2,-1,-1
1526902713939034,8,-10,-4,13,15,15,1,2
1526902713939034,6,8,5,-10,-5,-3,8,11
1526902713948010,-15,9,-77,-28,-19,-28,-22,-1
1526902713948010,2,-69,-35,35,43,-24,4,8
1526902713960976,16,73,79,35,11,45,0,16
1526902713960976,2,70,-33,-29,-55,19,4,-11
1526902713969951,-9,-24,-49,21,72,-68,-9,7
1526902713969951,-2,-50,-18,17,58,123,25,-8
1526902713975935,5,-9,-21,-58,-99,3,3,-20
1526902713975935,2,-18,27,-22,-37,-75,-6,-7
1526902713992890,-19,-42,2,-3,3,-56,-11,-15
1526902713992890,11,42,13,14,28,-61,-8,9
1526902713998874,4,-30,-22,24,73,-10,-17,11
1526902713998874,4,-17,-13,4,21,6,1,8
1526902714007850,8,-10,22,5,-24,16,7,2
1526902714007850,-15,19,30,2,-21,0,-6,-5
1526902714021813,-1,-8,-20,-9,-8,10,-4,-5
1526902714021813,-4,-5,1,2,0,5,6,-3
1526902714030789,-6,2,27,-4,-14,10,-14,-4
1526902714030789,-9,19,-12,-6,-24,32,9,2
1526902714060713,-3,-13,-11,-10,6,-14,-6,1
1526902714060713,8,2,-3,-9,4,-10,-44,5
1526902714061707,5,-9,20,80,51,35,55,-4
1526902714061707,11,23,-3,-28,-34,-9,-15,-16
1526902714073674,-28,-38,-19,3,4,-30,-4,2
1526902714073674,-6,-32,12,10,24,-7,0,4
1526902714082650,14,47,-5,-58,-44,79,17,-3
1526902714082650,-11,-30,2,-5,-38,-64,2,-3
1526902714096613,26,59,20,68,57,-14,51,18
1526902714096613,-25,-63,-25,-1,2,11,8,-7
1526902714104592,-17,-5,12,1,-2,-3,-6,-6
1526902714104592,12,10,-2,-17,-14,7,13,4
1526902714105589,-7,-12,-11,-27,-17,4,-29,-7
1526902714105589,1,14,5,14,13,-4,3,4
1526902714112571,-11,-14,-2,-2,-10,-6,-12,-10
1526902714112571,14,14,5,-5,-1,1,-19,1
1526902714118554,-9,-16,-11,-11,-11,-8,-8,1
1526902714118554,18,14,-1,5,8,7,7,6
1526902714127533,-2,23,16,-9,-8,-6,-11,3
1526902714127533,-6,-15,-26,1,1,3,-1,-5
1526902714141493,-2,5,-66,-16,-5,-43,-8,2
1526902714141493,20,61,60,37,48,-42,12,18
1526902714150470,-9,-112,-84,-20,23,-111,-21,6
1526902714150470,5,115,96,52,33,104,26,9
1526902714156453,-14,-87,-101,-64,-78,79,16,-26
1526902714156453,9,73,78,13,-3,-57,-1,1
1526902714172411,-10,-23,-9,-3,-9,24,-3,-15
1526902714172411,-4,-24,-29,-27,-39,-83,-3,-6
1526902714179395,20,-6,12,19,39,-25,-14,5
1526902714179395,-16,-17,-34,-14,16,24,-4,-7
1526902714188367,8,13,10,15,11,-10,-5,5
1526902714188367,-6,-35,-6,7,14,11,-2,0
1526902714201332,-2,44,30,4,-14,2,-13,5
1526902714201332,0,-24,-26,-4,-16,3,8,5
1526902714210309,4,22,34,4,-1,17,5,-6
1526902714210309,-19,-30,-42,-18,-15,4,-10,-16
1526902714216293,9,7,37,3,6,-21,16,6
1526902714216293,-11,-8,-15,1,7,24,35,7
1526902714233247,-21,-14,-8,-53,-50,-6,-19,-3
1526902714233247,28,19,0,-10,-19,-11,20,1
1526902714254191,-2,4,20,87,85,16,24,-10
1526902714254191,-46,-38,-21,-27,-32,-10,-74,-22
1526902714263167,-22,-6,-3,35,19,49,39,-22
1526902714263167,70,50,12,-26,-21,-41,53,22
1526902714264165,-18,-11,16,-23,-25,-21,-100,-7
1526902714264165,9,-23,-28,6,2,12,52,14
1526902714270149,-15,-19,9,-12,-12,-10,-33,-12
1526902714270149,-9,-3,0,-3,3,-9,-25,-7
1526902714284111,18,17,9,3,4,9,11,9
1526902714284111,5,7,0,-4,-6,5,-14,-2
1526902714293087,17,0,8,4,-4,-1,-11,11
1526902714293087,-37,-38,-20,1,13,16,-1,-11
1526902714308047,11,28,8,-9,-9,-13,3,6
1526902714308047,-3,-11,-12,-12,-12,-4,-16,-6
1526902714310042,16,25,13,14,10,4,25,6
1526902714310042,-8,-1,-6,7,9,5,-6,-1
1526902714321012,-4,-1,5,-11,-7,-6,7,0
1526902714321012,0,-6,-6,1,-1,-1,3,-4
1526902714329988,3,-70,-103,-31,-9,-3,-2,3
1526902714329988,8,23,80,70,34,0,-6,3
1526902714343951,-9,-47,-54,-9,-9,-5,-2,1
1526902714343951,16,10,33,7,0,28,21,3
1526902714352927,6,23,17,-6,-2,-94,-16,-4
1526902714352927,-18,-99,-113,-21,-12,71,-20,0
1526902714367887,8,55,104,8,-9,97,38,-1
1526902714367887,8,-31,-39,-3,15,-40,0,-4
1526902714368885,-7,24,40,22,0,23,7,-1
1526902714368885,-30,-35,-31,-53,-27,-24,1,-17
1526902714380852,10,14,5,11,5,-40,-8,2
1526902714380852,10,8,-17,-2,-3,8,-5,1
1526902714390826,-9,-4,21,19,7,-7,-3,-1
1526902714390826,6,28,8,8,9,-25,-8,4
1526902714403791,7,-19,-22,-5,-1,10,6,10
1526902714403791,8,19,14,-4,-13,-10,-11,-9
1526902714412767,-9,8,-10,-7,-1,13,8,-3
1526902714412767,1,-2,14,-5,1,13,2,-11
1526902714427727,-4,9,-7,-12,-10,-23,6,4
1526902714427727,-18,-10,0,41,23,10,-9,2
1526902714429722,-2,11,6,-27,-11,9,-40,-4
1526902714429722,3,-3,-5,21,24,-10,-31,-3
1526902714441690,1,7,-9,-4,14,-18,13,-7
1526902714441690,15,20,3,35,5,7,15,6
1526902714450666,-5,-15,-12,-1,10,36,6,-10
1526902714450666,8,41,20,-24,-30,-31,14,-1
1526902714463631,15,-28,-27,-21,-13,-31,-23,3
1526902714463631,-9,0,-4,-14,-10,18,11,7
1526902714472607,1,15,1,-2,-12,0,4,2
1526902714472607,3,-21,-5,-3,1,-7,-10,-2
1526902714487567,-9,-3,1,-3,-6,4,5,7
1526902714487567,-8,-14,-16,-23,-10,0,-1,-3
1526902714489562,-1,-10,0,4,0,7,9,-2
1526902714489562,2,14,4,9,10,-3,7,5
1526902714501529,-3,0,-4,3,1,5,-1,2
1526902714501529,-10,-6,4,-6,-5,-3,1,-1
1526902714510508,3,1,-6,6,6,-2,5,0
1526902714510508,-4,0,3,3,-1,8,9,-2
1526902714523471,-8,-1,-6,1,0,-4,-2,-4
1526902714523471,5,-2,-5,-9,-2,-7,-13,-3
1526902714532447,4,7,10,4,-2,4,6,-3
1526902714532447,-9,-3,-5,-1,0,1,3,-5
1526902714547407,1,-35,-34,-12,-5,-7,-9,-2
1526902714547407,3,40,76,13,7,2,0,-1
1526902714553391,1,0,-43,-4,-3,-5,-1,-4
1526902714553391,-2,-4,14,7,15,-27,-3,4
1526902714561369,3,-1,8,10,11,34,6,-1
1526902714561369,-12,-4,-21,-19,-32,-6,3,-1
1526902714570346,12,-25,-44,3,9,-65,-7,8
1526902714570346,-9,8,30,-8,8,73,6,-2
1526902714584308,-9,-13,-10,-15,-13,7,7,-6
1526902714584308,2,47,30,6,2,3,-1,-5
1526902714593284,-19,-11,-6,-9,-11,-9,-1,-11
1526902714593284,19,-21,-35,2,-1,-42,-12,2
1526902714606250,9,12,20,11,9,-4,-4,7
1526902714606250,1,-20,-20,-4,-1,2,-3,1
1526902714615226,1,10,30,11,0,7,1,-1
1526902714615226,-3,9,2,-4,-5,4,4,3
1526902714621210,-9,2,-9,2,-3,7,-3,-11
1526902714621210,-1,-21,-22,-10,-1,-15,-5,-6
1526902714630186,0,15,17,-15,-14,15,-4,0
1526902714630186,-11,-5,-10,-26,-6,2,14,-2
1526902714644150,-8,-8,-5,6,-4,-17,-32,-3
1526902714644150,2,-11,-14,30,32,-7,0,-3
1526902714653125,2,17,25,-7,4,59,42,-3
1526902714653125,5,-3,-3,26,2,-18,-25,-8
1526902714666089,-22,-27,-1,0,7,-25,-10,-12
1526902714666089,2,1,-6,-13,-10,18,5,4
1526902714675066,38,60,17,8,-5,2,-21,7
1526902714675066,-17,-21,-12,-14,-16,-17,-4,-7
1526902714681050,30,56,17,3,-1,-10,7,25
1526902714681050,-2,-17,-11,-6,0,4,-22,9
1526902714690025,-21,-20,0,-7,-6,1,-2,-2
1526902714690025,-9,-13,-4,4,-4,2,4,13
1526902714703988,-4,-18,-4,0,3,3,3,1
1526902714703988,0,3,-6,-14,-10,9,20,6
1526902714712964,1,8,6,12,4,-8,-39,-6
1526902714712964,3,7,-2,6,6,-1,6,-2
1526902714725930,-5,-3,-2,0,0,0,-17,-2
1526902714725930,2,-1,-1,-7,-5,-4,5,-6
1526902714734905,-3,-9,4,9,6,6,12,-4
1526902714734905,-14,-3,-3,3,2,4,2,-8
1526902714740890,12,-21,-19,-9,-6,-6,9,2
1526902714740890,-1,54,-20,4,28,-38,-9,7
1526902714749865,-7,-86,-20,4,-7,17,5,-5
1526902714749865,5,90,50,-3,-29,29,8,-7
1526902714763828,5,9,7,-1,-4,12,10,-5
1526902714763828,-7,-91,-45,-13,9,-71,-12,-3
1526902714772805,-5,107,33,41,48,17,0,10
1526902714772805,-6,-39,-51,-32,-31,94,4,-15
1526902714786767,-10,-18,-29,-31,-39,-17,23,-7
1526902714786767,-1,-6,10,3,-4,-8,-3,-12
1526902714795743,-3,-15,-18,-15,-3,-72,-5,-9
1526902714795743,12,-12,4,27,32,-60,-15,7
1526902714801727,-17,24,23,14,12,13,-7,7
1526902714801727,8,-15,-25,-9,-11,10,-3,1
1526902714810703,0,-9,4,-3,-1,1,11,0
1526902714810703,-2,-5,-13,-2,4,4,2,-7
1526902714823668,9,-14,3,5,6,-1,3,1
1526902714823668,7,20,18,1,-9,10,3,8
1526902714832644,-14,-21,-13,-13,-12,11,-1,3
1526902714832644,3,-4,18,10,7,-12,17,6
1526902714846607,5,21,-7,-16,-12,-6,-13,5
1526902714846607,-20,2,10,35,25,22,26,-11
1526902714855583,2,0,-1,-14,-13,10,18,-7
1526902714855583,-37,-59,-26,18,8,-17,-21,-13
1526902714861567,45,60,17,1,18,1,21,14
1526902714861567,3,3,3,-11,-13,15,18,5
1526902714870543,-28,-43,-3,-18,-11,-7,6,-11
1526902714870543,31,11,6,-2,-18,1,46,13
1526902714883508,0,-24,-7,13,19,-27,-35,1
1526902714883508,-14,-14,10,4,7,37,-2,-5
1526902714892484,-1,12,-10,-5,-10,-14,60,-2
1526902714892484,-7,-3,1,-20,-6,-12,6,1
1526902714906447,-9,-6,2,0,-8,12,-3,-6
1526902714906447,19,12,-4,-5,-10,0,-18,3
1526902714915423,-4,-17,-4,-2,2,-11,-17,-7
1526902714915423,2,18,-4,-4,-2,-4,-13,4
1526902714921407,2,-3,4,8,4,3,24,5
1526902714921407,-9,-6,1,-3,-3,-9,-19,-1
1526902714930383,-3,-21,-24,-4,-5,3,-10,-4
1526902714930383,15,65,4,18,24,-62,-18,9
1526902714944346,-9,-34,-29,-2,-7,52,-9,4
1526902714944346,-8,-81,-42,-19,12,-44,4,-3
1526902714953321,23,88,114,52,4,-54,-18,11
1526902714953321,0,32,-62,-9,-8,97,4,-5
1526902714966287,-34,-75,-65,-47,-68,53,5,-21
1526902714966287,6,11,55,0,-6,-63,3,-6
1526902714975264,4,30,-8,-3,-18,-28,0,-11
1526902714975264,-1,-53,-38,-44,-8,-52,-16,4
1526902714990223,-2,15,33,20,27,-40,1,10
1526902714990223,0,17,-3,2,-8,44,-5,-2
1526902714992218,-7,-36,-41,-1,9,-14,-25,-11
1526902714992218,0,-4,33,23,20,-8,-8,7
1526902715004185,2,10,4,1,-6,9,4,1
1526902715004185,6,10,-13,-7,-10,1,0,-1
1526902715013162,-2,-6,-4,4,16,16,-10,-1
1526902715013162,-5,-22,4,2,-8,18,48,-4
1526902715026127,2,7,11,-20,-11,-37,-43,9
1526902715026127,5,42,4,5,11,56,23,19
1526902715035103,2,-4,-7,42,33,-1,34,1
1526902715035103,-5,9,10,-4,-4,5,-33,-26
1526902715065023,7,6,3,16,21,-27,22,6
1526902715065023,11,10,3,-19,-31,-14,-28,-2
1526902715067017,8,8,-18,-40,-18,37,31,5
1526902715067017,-19,-17,1,19,14,-16,-42,6
1526902715086964,14,15,8,6,9,-30,-7,-1
1526902715086964,-10,-4,-5,-2,-7,16,-3,2
1526902715094942,-15,-40,-18,-19,-9,8,30,-2
1526902715094942,10,-3,5,-6,-5,-30,-12,-5
1526902715101924,-13,-9,5,3,10,8,-8,-5
1526902715101924,-2,0,-4,1,-6,-3,15,-2
1526902715102922,-7,-5,-11,-5,-4,-2,-24,-11
1526902715102922,5,-10,6,-2,5,5,8,-4
1526902715109903,4,2,-2,3,0,10,29,1
1526902715109903,2,3,-3,3,3,-15,2,-4
1526902715111898,-3,-7,1,-6,-8,3,-12,-4
1526902715111898,0,0,2,-3,-11,-4,-7,2
1526902715123865,0,-6,-1,11,15,2,28,-1
1526902715123865,-4,2,-3,9,8,-2,-21,-2
1526902715132843,0,-3,-4,-4,0,8,-34,-7
1526902715132843,-9,-30,-8,-14,-12,3,19,2
1526902715146804,6,36,-3,-1,0,-38,-10,4
1526902715146804,-2,16,68,27,13,-47,-2,4
1526902715155780,3,-62,-41,-18,-5,89,0,-3
1526902715155780,5,72,84,-2,-23,8,14,-2
1526902715169743,-3,-14,-22,-6,-17,-64,-22,2
1526902715169743,6,-50,-89,38,85,-36,-14,16
1526902715171738,-22,-4,61,18,1,73,17,-1
1526902715171738,9,-9,-57,-55,-62,6,21,-17
1526902715183705,-3,23,30,14,4,-27,-3,-6
1526902715183705,-14,-25,-46,-50,-9,-20,-4,-16
1526902715192681,12,10,2,36,49,-54,-11,16
1526902715192681,-5,-22,-22,19,31,10,-5,6
1526902715206644,-2,-8,15,-1,-1,-11,-4,8
1526902715206644,-2,7,5,6,-15,1,-2,-3
1526902715215620,5,3,-15,-11,-10,5,-6,-1
1526902715215620,-1,6,13,0,-6,-5,-3,-1
1526902715230580,-11,-15,-15,-4,2,9,-4,-3
1526902715230580,8,15,17,-2,-16,40,-1,-2
1526902715231577,0,17,-13,-17,-23,-11,12,-2
1526902715231577,4,1,5,8,16,-33,0,11
1526902715243545,-10,-22,-1,2,3,27,2,-3
1526902715243545,8,12,-6,-21,-17,28,23,-5
1526902715252521,-34,-8,3,-6,-19,-32,2,-13
1526902715252521,-8,-30,-3,15,30,-7,1,2
1526902715266484,36,27,4,-9,-6,5,-31,7
1526902715266484,-4,15,11,4,-17,38,76,11
1526902715275460,-12,2,0,-8,-10,-19,-4,2
1526902715275460,-15,-50,-18,13,20,-24,-37,-16
1526902715290420,4,55,-9,0,12,22,-16,-3
1526902715290420,4,5,18,-7,-15,1,-15,-6
1526902715291418,7,10,-3,17,20,11,-3,-10
1526902715291418,-2,-5,-6,-10,-14,-15,33,7
1526902715303385,-35,-26,0,-4,-5,-4,-3,-10
1526902715303385,3,4,-5,-3,-8,-12,-22,-9
1526902715312361,5,2,-8,-11,-6,-2,1,-1
1526902715312361,3,11,3,-3,-2,11,-7,-4
1526902715326324,8,-11,-5,2,3,2,11,5
1526902715326324,-8,-4,1,-3,-6,-3,-7,4
1526902715335300,-2,-10,-9,-5,-3,-4,-1,0
1526902715335300,1,25,-18,3,3,0,-4,6
1526902715350260,4,-13,-33,-5,-2,5,11,8
1526902715350260,-15,-6,34,8,0,-8,-14,-4
1526902715352255,5,13,-25,-4,-5,-22,-13,-1
1526902715352255,15,-15,-21,6,34,-53,-4,9
1526902715364223,-5,2,-66,-2,-8,66,6,9
1526902715364223,-13,-59,-66,-39,-49,36,-2,-13
1526902715373199,2,66,45,6,4,-69,-13,-4
1526902715373199,9,33,-34,32,43,-12,0,13
1526902715386164,-11,-36,39,-21,1,81,24,-9
1526902715386164,-5,-46,-30,-18,-35,-38,-7,-14
1526902715395140,-4,21,21,11,-2,15,-3,-2
1526902715395140,-16,-40,-41,-58,-36,-8,-7,-9
1526902715410100,5,4,35,28,31,-62,-13,2
1526902715410100,7,34,9,12,18,16,-4,2
1526902715412095,-30,-40,-11,0,-1,-10,1,-3
1526902715412095,-2,18,40,19,-1,6,-5,1
1526902715424062,5,1,1,2,-5,-1,4,2
1526902715424062,-7,11,22,2,3,2,1,-9
1526902715433038,13,-6,-23,-5,-2,-6,-3,-4
1526902715433038,-7,-8,15,5,-3,32,5,-1
1526902715461961,6,13,10,-7,-13,-2,2,5
1526902715461961,-15,-11,-17,-14,1,-25,4,1
1526902715468943,19,-7,6,10,7,7,-4,-1
1526902715468943,-8,31,14,4,-4,39,18,-5
1526902715493876,0,-29,-5,-8,-5,-27,-1,-5
1526902715493876,-12,8,14,18,18,-9,-3,0
1526902715495871,-6,-23,-15,-62,-30,1,-19,-8
1526902715495871,15,12,13,17,-14,18,22,15
1526902715514819,23,22,0,6,14,-15,62,6
1526902715514819,-18,-5,3,-13,-15,17,-18,5
1526902715516815,-10,23,6,50,38,8,-7,-21
1526902715516815,6,-26,-6,-21,-26,-22,-38,0
1526902715521801,-14,-16,7,6,7,7,-20,-2
1526902715521801,25,18,-1,5,10,-1,11,9
1526902715522798,2,-15,-11,-26,-20,8,17,6
1526902715522798,-14,2,9,5,6,1,4,-5
1526902715529779,0,0,-3,2,-7,-16,-44,2
1526902715529779,2,3,2,-3,-1,-3,-7,-1
1526902715531775,10,-2,-5,5,1,-3,-11,2
1526902715531775,9,2,6,5,11,13,17,5
1526902715543742,0,5,2,-2,-7,2,1,4
1526902715543742,-7,-7,-9,4,5,-9,-8,-6
1526902715552718,6,7,-2,0,5,2,9,4
1526902715552718,4,-13,-1,-4,-4,2,-18,-4
1526902715566681,-11,-20,-61,-23,-13,-15,2,0
1526902715566681,2,35,42,27,21,-5,4,0
1526902715575657,3,-18,0,17,19,-10,-3,2
1526902715575657,-5,33,-70,-17,-19,-31,-11,-4
1526902715590617,1,13,51,15,-23,19,1,-3
1526902715590617,-12,4,-62,-24,8,67,3,-6
1526902715591615,-2,99,101,13,-3,-6,7,-10
1526902715591615,10,-8,-90,-17,-11,30,-7,13
1526902715603582,-15,-66,-16,-8,-9,105,17,-17
1526902715603582,6,-20,-33,-10,-1,-76,-5,-8
1526902715612558,-4,-33,-39,-4,1,-22,-2,-6
1526902715612558,-15,-29,-8,-14,-16,-42,-4,-8
1526902715626521,-6,21,13,21,28,-70,-21,8
1526902715626521,-2,4,29,17,20,27,1,6
1526902715635497,-8,-50,-37,-10,0,-6,-4,-1
1526902715635497,11,9,60,23,13,3,-2,-1
1526902715649459,-4,11,6,-3,0,2,10,-1
1526902715649459,6,-7,10,0,-4,-11,4,-7
1526902715656441,-21,-16,-18,-28,-37,5,-11,2
1526902715656441,1,11,35,0,15,14,39,6
1526902715663422,30,-1,-3,11,-2,-14,-35,-13
1526902715663422,-44,-5,-15,-20,-16,11,-8,-2
1526902715672398,50,41,3,5,5,9,-1,-2
1526902715672398,-14,-39,20,16,29,21,18,1
1526902715686361,1,12,-12,-26,-26,7,52,8
1526902715686361,-21,-32,-4,33,25,-16,-85,-7
1526902715695337,10,-7,-3,-8,-5,-14,-27,14
1526902715695337,-7,10,9,-29,-27,-14,-29,-12
1526902715709299,-5,-2,1,11,15,-10,-3,15
1526902715709299,29,38,9,-7,-24,3,-21,-5
1526902715716281,-34,-49,-15,-1,7,32,38,-6
1526902715716281,0,-12,0,19,7,-9,-10,-7
1526902715724259,2,6,0,-1,4,-5,-12,7
1526902715724259,13,6,4,-6,-3,1,15,-2
1526902715733236,0,-7,-10,4,3,-6,1,-8
1526902715733236,12,13,18,6,1,-4,2,3
1526902715746201,-3,-9,-7,-9,-5,-11,-11,-7
1526902715746201,13,6,8,5,4,-5,30,4
1526902715755177,-2,4,-8,0,-3,-3,-13,-7
1526902715755177,-2,-2,0,-3,-5,11,-10,0
1526902715769139,-4,2,-4,-3,0,-13,-1,2
1526902715769139,-2,-27,-19,-8,-6,-18,6,-2
1526902715778116,4,47,18,10,14,2,-1,2
1526902715778116,3,-12,-30,6,15,-13,-3,5
1526902715784100,-10,-4,33,9,-10,-1,-9,-1
1526902715784100,-2,-12,-80,-32,-31,-26,10,2
1526902715793076,-2,-59,3,20,14,58,11,6
1526902715793076,-13,70,-4,-31,-20,74,11,-6
1526902715806041,10,-33,-88,-28,-49,-64,-6,-4
1526902715806041,21,31,80,68,85,-38,7,13
1526902715815017,-22,-26,-63,-76,-66,58,2,-19
1526902715815017,-6,0,-12,-6,-40,-42,-12,-15
1526902715828979,1,-37,-10,-2,16,11,-5,1
1526902715828979,-8,9,22,4,5,-27,2,-6
1526902715837956,14,4,-13,24,31,-56,-13,10
1526902715837956,18,-17,35,18,16,14,3,11
1526902715852916,-19,41,9,-7,0,0,1,2
1526902715852916,3,-25,-15,-1,-15,0,-1,-6
1526902715853913,1,31,32,15,14,10,18,-3
1526902715853913,-8,-31,-32,-20,-15,8,-9,-8
1526902715865881,8,8,22,-1,7,-4,23,11
1526902715865881,-17,15,7,13,0,11,-76,-6
1526902715875855,10,-19,-12,-15,-18,14,0,0
1526902715875855,-8,0,16,30,42,-15,36,-4
1526902715888819,15,26,4,22,17,4,-17,5
1526902715888819,-20,-14,6,-22,-2,29,30,-4
1526902715897796,2,24,-3,13,0,-34,-2,-9
1526902715897796,-14,-66,-20,-15,-16,-29,-26,6
1526902715912756,64,82,37,4,9,38,50,25
1526902715912756,-41,-47,-26,-13,-25,-5,21,-14
1526902715914750,5,-2,0,-3,-6,-14,23,6
1526902715914750,-5,1,7,6,10,-1,-7,4
1526902715926718,-28,-36,-12,-1,-1,9,-16,-11
1526902715926718,16,23,7,-7,-9,20,26,8
1526902715935695,-3,-1,-6,-1,4,-16,-17,-4
1526902715935695,1,4,6,7,1,1,-17,-4
1526902715949657,0,1,-4,-5,-2,-9,-7,-7
1526902715949657,7,-1,-6,-9,-8,2,-19,-8
1526902715956638,-13,-1,6,15,12,4,12,-3
1526902715956638,12,9,-4,-6,-3,10,17,9
1526902715972595,-13,-10,3,0,0,-15,-11,-3
1526902715972595,4,6,1,-1,-1,10,4,2
1526902715974590,-1,-70,-36,-8,-3,-2,-10,-6
1526902715974590,15,107,62,16,9,-6,7,6
1526902715986558,-17,-14,45,11,-6,8,-14,-5
1526902715986558,11,18,-33,1,-10,-72,6,7
1526902715995534,-2,-76,-68,-16,30,50,1,1
1526902715995534,6,-16,36,13,-7,18,10,7
1526902716008500,-9,59,17,-13,27,29,1,0
1526902716008500,13,18,9,28,-10,13,-3,2
1526902716017475,-7,-29,-36,-27,-68,74,3,-7
1526902716017475,-8,28,15,-13,-12,-28,8,-5
1526902716032435,-10,-50,-55,-15,-2,-13,-10,-15
1526902716032435,-8,-22,-2,-6,29,-30,5,-2
1526902716034430,39,57,46,34,44,-55,-11,13
1526902716034430,-17,-45,-38,2,-10,21,-11,-3
1526902716046398,7,5,7,1,-8,-23,-2,8
1526902716046398,-8,6,4,2,6,19,4,0
1526902716055374,-10,28,15,4,-8,-4,0,-10
1526902716055374,1,-9,-19,-14,-8,-2,-12,-3
1526902716069337,-3,-25,-22,2,7,-7,2,1
1526902716069337,20,13,14,-3,-5,19,25,10
1526902716078313,-25,18,15,-17,-26,-11,21,-5
1526902716078313,24,-7,-11,-22,0,-8,6,7
1526902716092275,-44,-21,1,56,43,-6,-11,-15
1526902716092275,-2,-22,-10,-9,-21,36,2,-15
1526902716094270,12,54,38,16,16,-8,5,11
1526902716094270,-31,-47,-19,-15,-1,-4,-3,-6
1526902716106238,9,3,-11,-34,-39,-5,-6,13
1526902716106238,44,61,15,22,10,11,-7,-4
1526902716115214,-27,-25,-5,23,21,-13,-11,1
1526902716115214,36,52,5,12,-1,-1,-69,-8
1526902716129176,-28,-40,-5,4,9,7,37,-2
1526902716129176,-30,-33,-6,-15,-9,-4,-24,-12
1526902716138153,9,19,8,-26,-19,-27,19,3
1526902716138153,-11,-19,-2,17,9,21,-17,-10
1526902716153113,17,14,-2,14,14,18,22,-8
1526902716153113,-2,9,0,-15,-9,-22,-19,-5
1526902716154110,7,7,4,6,2,1,11,-4
1526902716154110,-4,-11,-6,-11,-6,-6,14,5
1526902716166078,12,5,-4,-18,-16,-15,-10,3
1526902716166078,-8,-7,1,1,6,14,10,3
1526902716175054,-4,-7,1,4,-2,2,-20,-4
1526902716175054,-2,-51,-75,-18,-2,-12,18,8
1526902716189017,13,60,86,34,18,-5,-14,8
1526902716189017,-2,-102,-71,1,2,-62,-5,3
1526902716197993,4,92,101,8,22,86,2,2
1526902716197993,-7,-10,-25,-34,-43,30,20,-7
1526902716212953,-1,-48,-102,-9,-25,-22,-10,6
1526902716212953,9,-12,73,29,25,12,5,8
1526902716213950,-13,21,46,5,19,25,3,-10
1526902716213950,9,5,-17,-13,-28,-7,19,2
1526902716225918,-1,11,37,-5,-9,-6,-13,-4
1526902716225918,-9,5,-16,-14,-2,-15,0,-8
1526902716234894,3,-22,-48,8,14,-41,-12,2
1526902716234894,9,7,34,15,23,17,-2,6
1526902716248856,-10,-9,-17,-9,-9,-23,-8,-1
1526902716248856,-3,21,1,1,6,20,5,2
1526902716257833,10,-3,-5,-2,-6,2,2,2
1526902716257833,-9,-3,2,7,6,-19,1,0
1526902716272793,12,-3,1,-4,0,-4,-7,3
1526902716272793,-9,20,-2,-17,-14,31,11,-7
1526902716274787,-5,-27,-30,-11,-25,-20,-16,-2
1526902716274787,27,6,9,-20,-7,-17,26,10
1526902716286755,-18,-26,-5,33,34,28,-6,-4
1526902716286755,-2,18,3,-28,-20,25,63,-2
1526902716295732,8,-21,-21,33,24,-20,43,-13
1526902716295732,17,18,15,15,-7,-4,13,4
1526902716308697,-19,-35,2,-23,6,12,22,-4
1526902716308697,9,71,-1,-16,-10,9,-40,-6
1526902716317673,-17,-86,-12,1,-12,-38,-41,-10
1526902716317673,23,52,17,12,13,7,2,12
1526902716332633,6,-8,-5,-18,-25,4,-13,-9
1526902716332633,-23,-31,-1,-2,-9,-7,-1,-8
1526902716334628,-9,9,-23,-30,-22,5,-5,0
1526902716334628,-21,-23,9,21,28,-23,-37,-10
1526902716346595,19,15,2,40,12,-6,-13,4
1526902716346595,4,9,1,11,16,7,-1,1
1526902716355572,-6,8,-3,-18,-27,-1,8,2
1526902716355572,-7,-19,-5,-4,13,1,-4,1
1526902716368537,6,30,2,-8,-8,-4,2,7
1526902716368537,-16,-18,-2,3,-2,2,2,-8
1526902716377513,-2,-12,-16,-14,-10,6,-3,2
1526902716377513,-6,38,-22,4,-2,-11,-13,3
1526902716392472,-3,-13,5,-6,2,-7,-3,0
1526902716392472,1,-9,19,15,-1,18,-4,3
1526902716394467,10,68,6,-5,-20,-4,-8,-6
1526902716394467,-6,-2,32,5,-1,4,7,-1
1526902716406435,-2,-7,-18,-15,0,-5,5,-4
1526902716406435,3,-21,-41,-8,3,0,2,3
1526902716415411,-5,10,43,8,4,-12,-2,-1
1526902716415411,5,-23,-11,6,8,9,7,0
1526902716428376,-4,40,-5,-12,-10,12,2,3
1526902716428376,4,-26,15,6,-1,-12,-6,-7
1526902716437353,4,-8,-25,-3,8,-8,-5,0
1526902716437353,-14,-2,5,2,-4,-3,-3,-3
1526902716452312,2,-25,-4,-6,-7,-5,-2,1
1526902716452312,8,15,-21,-13,-1,0,-1,6
1526902716454307,-5,-1,8,11,9,5,5,-2
1526902716454307,3,-7,8,2,3,-2,2,2
1526902716466275,-4,-2,-14,-9,-5,-1,-2,-3
1526902716466275,-2,17,12,3,-3,4,-5,-5
1526902716475251,-3,3,3,3,4,-7,3,-1
1526902716475251,1,-18,-13,0,4,-3,-6,-3
1526902716489214,-4,5,4,-8,-10,2,-1,-3
1526902716489214,8,14,11,8,3,0,-1,-3
1526902716498190,22,-9,-9,-12,-4,-3,-2,4
1526902716498190,-22,-30,-8,5,8,3,-2,0
1526902716513150,-2,2,-1,-8,-5,4,5,-3
1526902716513150,-1,23,4,-11,-16,-11,-13,-5
1526902716514147,-14,-16,-14,6,16,-1,-3,-3
1526902716514147,-5,-8,8,10,2,4,0,-1
1526902716526115,-14,-18,-2,-9,-10,-6,9,-7
1526902716526115,-15,5,-8,-22,-15,-5,-1,-2
1526902716535091,2,-3,-7,0,4,-3,1,0
1526902716535091,6,8,-2,9,6,1,-7,-6
1526902716549054,-14,-23,-6,-11,-4,1,-9,-1
1526902716549054,-9,-8,-2,38,18,6,34,-2
1526902716558030,7,2,-4,-1,1,19,21,1
1526902716558030,1,0,5,-4,-6,-22,-11,2
1526902716572990,7,7,-2,-3,-3,-5,-7,1
1526902716572990,7,8,3,-10,-4,-1,-1,-1
1526902716573987,3,-4,-3,-5,-4,1,10,3
1526902716573987,-5,-2,0,4,2,4,6,2
1526902716585955,10,16,5,6,4,0,-2,4
1526902716585955,-2,0,8,0,-1,-1,-1,1
1526902716594931,-10,-45,-21,4,2,-14,-9,0
1526902716594931,7,40,46,0,3,4,0,9
1526902716608894,6,12,-16,1,-5,-1,-7,0
1526902716608894,-5,71,54,4,-14,15,-2,-3
1526902716617870,-3,-12,-32,-18,-18,-11,-10,-9
1526902716617870,1,-45,-68,-22,0,12,3,2
1526902716632830,2,8,68,22,19,5,10,2
1526902716632830,2,-38,-29,15,8,-16,-10,-6
1526902716634825,7,38,20,1,-6,1,-9,1
1526902716634825,-4,-16,-30,-26,-12,-3,7,-1
1526902716646792,1,-2,-16,4,3,-3,-2,1
1526902716646792,0,-18,-12,-7,1,-7,-3,-5
1526902716655769,-6,-4,16,8,0,-6,-3,1
1526902716655769,7,3,7,3,-2,0,0,6
1526902716668734,-3,3,-2,-5,-2,2,-4,-5
1526902716668734,-4,0,5,0,-1,-3,0,-8
1526902716677710,1,-2,-8,-3,3,4,1,0
1526902716677710,3,14,12,-2,-4,2,-1,3
1526902716692670,-10,8,-3,-4,-2,-3,0,5
1526902716692670,13,-23,-29,-22,-9,0,-2,-2
1526902716694664,0,21,6,16,16,8,10,1
1526902716694664,11,3,6,9,5,-3,-6,1
1526902716715608,-23,-19,-10,-19,-18,-11,-8,-8
1526902716715608,-27,-30,-13,10,9,8,22,-15
1526902716716606,46,27,13,-4,6,0,-5,18
1526902716716606,-40,-4,6,-15,-26,-8,16,-3
1526902716728574,27,12,-15,16,14,-4,-38,-1
1526902716728574,-22,-18,-4,-6,2,14,8,-2
1526902716737550,-2,-2,-1,0,-3,-2,1,-7
1526902716737550,4,45,7,2,-3,-9,-25,3
1526902716752510,5,-17,-6,-5,-5,-3,18,3
1526902716752510,-7,-9,-11,-6,-4,-1,11,-4
1526902716758494,-11,-7,1,5,5,6,14,-2
1526902716758494,9,-11,-1,-15,-11,-2,-19,-3
1526902716766472,-8,4,1,4,4,7,7,-3
1526902716766472,17,17,2,5,3,-10,-24,-3
1526902716775448,-18,-8,0,3,1,2,1,-4
1526902716775448,11,-2,1,1,1,4,17,4
1526902716788414,-4,7,1,-3,-6,-2,1,-2
1526902716788414,5,-1,0,2,3,5,14,8
1526902716797390,-5,-9,-7,-10,-10,-6,-11,-1
1526902716797390,-2,-11,-2,2,1,-4,-2,-2
1526902716812350,7,-48,-29,-5,10,-8,1,2
1526902716812350,0,96,55,21,13,-26,-16,3
1526902716818334,-14,-37,-39,-14,-15,-6,-3,-7
1526902716818334,8,38,3,1,-26,20,-1,-3
1526902716826313,-5,-31,-8,-15,4,40,15,-1
1526902716826313,14,-20,3,-5,-1,-28,-4,-3
1526902716835289,-15,49,44,38,12,-26,-17,5
1526902716835289,-3,-13,25,-11,7,90,15,-1
1526902716849251,-18,25,31,-22,-38,-7,10,-14
1526902716849251,0,-46,-31,-10,-24,3,-8,-9
1526902716858227,11,-9,-21,-9,11,-22,-4,-4
1526902716858227,8,-23,-17,24,26,-52,-12,10
1526902716872189,-15,26,10,13,4,10,-1,3
1526902716872189,-7,-24,-22,-7,5,-2,-9,-14
1526902716879171,5,3,18,7,-6,-5,1,-1
1526902716879171,-16,-1,-8,-2,2,-6,2,-2
1526902716895128,18,5,-2,3,7,1,-1,5
1526902716895128,5,10,5,4,1,2,-2,8
1526902716897123,-18,-25,-21,-14,-7,5,5,-5
1526902716897123,-9,-3,-1,-6,-4,2,4,-3
1526902716909091,3,1,-12,2,-2,-17,3,-4
1526902716909091,0,-4,-4,2,6,26,23,5
1526902716918067,8,9,7,-19,-19,7,-58,-10
1526902716918067,14,-4,0,2,13,-5,77,27
1526902716932030,-21,-11,-2,7,-18,-23,-9,-3
1526902716932030,9,12,-3,43,51,21,-2,-5
1526902716939011,-7,4,2,-12,6,41,24,6
1526902716939011,-10,-2,3,14,-1,-13,-16,-11
1526902716954968,0,-22,-8,-29,-28,-21,-42,-20
1526902716954968,22,53,8,-17,-10,14,12,12
1526902716956963,-30,-43,-13,20,12,-41,5,-3
1526902716956963,21,-7,-8,-15,-10,-18,4,2
1526902716968931,-14,-1,2,4,8,17,19,2
1526902716968931,-30,-25,-10,-21,-17,-8,-29,-12
1526902716977907,23,16,11,-1,2,6,-1,6
1526902716977907,-9,-1,0,8,8,1,1,0
1526902716991869,11,15,1,7,6,-1,2,4
1526902716991869,4,-2,-3,-4,-7,-6,-3,3
1526902716998851,10,6,1,-2,0,19,18,7
1526902716998851,-1,-2,-1,3,-3,-13,-5,1
1526902717014808,20,10,-11,-4,2,-1,-15,4
1526902717014808,-4,-20,-14,-9,-7,0,-1,-3
1526902717016803,-9,-56,-32,-10,-7,-7,1,-3
1526902717016803,17,84,75,22,2,-2,-25,5
1526902717028771,6,-6,29,14,12,6,7,6
1526902717028771,-11,4,-10,0,0,-4,13,-3
1526902717037747,-1,-36,2,1,8,4,-2,-4
1526902717037747,0,-14,-4,4,-4,-11,-17,-1
1526902717051710,-4,25,-29,4,-13,-58,-6,3
1526902717051710,2,66,58,-2,-5,12,-7,-1
1526902717058691,-13,-9,36,-25,-11,75,10,-11
1526902717058691,2,-33,-22,11,14,-40,-10,-3
1526902717075646,-3,-8,17,3,8,47,8,4
1526902717075646,-11,-37,-64,-41,-28,-16,-1,-16
1526902717076643,-3,29,-6,10,-6,-40,-9,1
1526902717076643,-9,-19,-23,-14,6,16,-2,-4
1526902717088611,10,-4,-10,16,11,-22,-4,3
1526902717088611,14,-7,10,21,14,-1,-4,7
1526902717097587,1,16,7,0,0,15,12,0
1526902717097587,-10,-12,-9,-3,-8,-6,-13,-6
1526902717111549,-1,7,-3,-3,3,1,0,-9
1526902717111549,-1,-3,10,-1,-5,9,3,-3
1526902717120526,9,14,-3,-10,-5,-12,-3,-5
1526902717120526,6,-6,-17,-6,-11,-14,4,8
1526902717135485,-9,3,-4,-23,-2,15,-35,-4
1526902717135485,-10,-14,-2,8,-2,6,31,-6
1526902717136483,-1,5,-5,39,32,-3,-6,0
1526902717136483,-11,-13,-11,-16,-12,3,-17,-7
1526902717148451,15,9,3,5,12,7,-13,-6
1526902717148451,-7,-5,7,-12,-11,-15,-1,0
1526902717157427,16,23,-7,-17,-18,-28,-42,8
1526902717157427,-7,12,8,11,10,43,39,4
1526902717171389,-25,-28,-7,28,10,14,5,-6
1526902717171389,63,57,-4,-1,1,-13,-16,1
1526902717180366,3,3,-2,4,0,-1,-40,-4
1526902717180366,-1,-2,-2,-11,-3,17,-41,4
1526902717195325,-27,-17,-4,-2,-7,-36,29,6
1526902717195325,-22,-35,-6,9,9,5,-6,-6
1526902717197321,-3,-7,-2,-3,-6,-9,8,1
1526902717197321,10,8,-7,-10,-6,2,11,5
1526902717209288,0,3,0,1,3,6,12,-3
1526902717209288,-15,-11,1,4,2,2,-4,-4
1526902717218264,6,4,-1,-9,-8,0,29,-1
1526902717218264,-11,-13,-6,-2,3,-3,-7,-6
1526902717231229,14,18,8,5,1,7,2,3
1526902717231229,-14,-26,-10,-2,-1,-3,-4,-4
1526902717240206,6,12,-6,-5,-7,0,8,-1
1526902717240206,-3,-18,-50,-10,1,-15,-8,-4
1526902717255165,5,-14,43,18,37,-91,-12,8
1526902717255165,-6,-92,-47,0,-14,80,-1,1
1526902717257160,3,100,90,15,-25,52,23,-2
1526902717257160,-14,-76,-65,-33,-23,-31,-6,-14
1526902717269128,14,-29,-120,-23,-7,-3,-6,13
1526902717269128,-13,19,91,49,43,68,16,-1
1526902717278104,-4,-71,-95,-23,17,-28,6,-6
1526902717278104,14,46,56,34,-20,16,2,7
1526902717291069,-14,-25,-14,-39,-62,10,6,-18
1526902717291069,-13,3,-33,-27,-14,-61,-8,-3
1526902717300045,4,4,4,7,-3,10,-3,1
1526902717300045,-6,-4,11,4,27,-36,-2,0
1526902717315005,11,16,14,27,35,6,-3,-5
1526902717315005,1,22,6,3,-5,-2,-3,-14
1526902717317000,-7,-14,2,-4,2,-6,6,-5
1526902717317000,1,-8,-13,-3,6,-4,-7,7
1526902717328968,-3,17,20,2,-10,24,2,8
1526902717328968,-10,9,-9,-23,-15,-11,-4,-4
1526902717337944,-5,-19,-15,6,7,-13,-9,-1
1526902717337944,18,9,10,6,6,-10,21,16
1526902717350910,-43,-2,-4,-47,-52,42,12,-9
1526902717350910,21,9,-6,43,40,-34,-35,-6
1526902717359886,-26,-11,-14,-3,11,8,22,21
1526902717359886,40,26,8,-27,-32,10,24,11
1526902717374845,-25,-30,-3,35,42,14,13,-3
1526902717374845,-17,-25,-20,-6,-10,-22,-16,-9
1526902717376840,33,35,27,8,0,-10,-10,13
1526902717376840,-38,4,0,-4,-3,33,-37,-15
1526902717388808,8,-5,-7,-15,-13,-43,-9,7
1526902717388808,-9,-7,-12,-12,-9,-13,-6,-1
1526902717397784,-4,-10,-2,8,1,10,16,-6
1526902717397784,-12,-7,-2,-12,-7,-9,7,-2
1526902717411747,13,13,3,5,9,17,20,-2
1526902717411747,-4,-2,-8,3,1,0,3,-5
1526902717420723,5,1,0,-12,-11,-14,20,-5
1526902717420723,-1,2,2,8,10,1,5,3
1526902717434685,-2,-3,3,8,6,12,-3,-10
1526902717434685,14,38,12,-2,-7,-5,-3,0
1526902717436680,1,-24,-17,-22,-15,-9,16,-6
1526902717436680,-15,-12,-4,16,12,0,6,-6
1526902717448648,-1,7,4,5,5,13,-16,-10
1526902717448648,8,-6,-3,-15,-10,-7,17,6
1526902717457624,-12,-18,-16,0,3,-5,-16,2
1526902717457624,7,-4,7,8,11,-2,-6,5
1526902717471586,4,39,-9,-11,-8,-13,-9,4
1526902717471586,-1,18,23,15,5,-50,0,11
1526902717480563,-6,-48,-11,10,31,57,-4,2
1526902717480563,-4,29,-39,-27,-29,74,9,-1
1526902717495522,10,43,70,-1,-27,-73,-9,-1
1526902717495522,-6,-103,-46,11,31,4,3,1
1526902717496520,11,118,105,33,9,56,-8,1
1526902717496520,-9,-71,-102,-34,-34,8,-2,-7
1526902717508488,-2,16,67,12,23,36,8,-13
1526902717508488,-9,12,-13,-41,-64,-42,-1,-6
1526902717517464,8,-29,-19,7,0,-66,-22,3
1526902717517464,10,-19,1,17,42,12,-6,5
1526902717531427,8,3,-10,7,5,2,1,9
1526902717531427,-8,3,1,8,13,1,-2,-2
1526902717540403,0,-24,-21,-3,-3,-1,-5,2
1526902717540403,-2,37,30,6,-5,-16,1,-1
1526902717555363,-11,-28,-34,-3,-1,-2,-1,-12
1526902717555363,5,16,8,-9,-2,24,5,-2
1526902717556360,6,-16,-33,-18,-18,2,-2,-1
1526902717556360,-16,12,37,11,-2,-24,35,7
1526902717569325,13,-4,-19,0,15,9,-55,0
1526902717569325,-21,-15,-8,-4,-5,14,-30,-12
1526902717578302,22,41,9,21,10,-23,-33,0
1526902717578302,13,22,23,15,12,-26,10,2
1526902717591267,-20,-16,-22,-33,-34,15,-25,-15
1526902717591267,1,-3,-7,17,24,23,-14,-11
1526902717600243,24,24,0,-20,-18,-1,52,29
1526902717600243,-40,-79,0,-3,8,-21,10,-17
1526902717615202,82,105,3,-2,4,-12,-22,13
1526902717615202,-14,-19,5,16,6,-4,9,-5
1526902717617199,-33,-29,-11,-6,-3,-19,-8,-14
1526902717617199,1,-11,-2,-4,-3,20,16,4
1526902717629165,-23,-45,-14,-7,-11,12,36,-5
1526902717629165,1,14,-1,-11,-5,8,2,-3
1526902717638141,-2,-4,-4,2,-1,-8,-12,-4
1526902717638141,-1,14,4,-2,-2,-2,-17,2
1526902717651107,-12,-29,-14,-1,0,1,2,-1
1526902717651107,14,30,7,-3,-2,4,6,11
1526902717660083,-11,-21,-13,-5,-4,-1,0,-1
1526902717660083,12,15,5,-1,-1,-10,-23,6
1526902717674045,3,-26,-10,5,9,-30,15,7
1526902717674045,1,42,-29,-7,1,5,8,7
1526902717681026,-13,20,6,4,-18,43,7,-2
1526902717681026,16,-67,-46,10,63,-85,-27,3
1526902717689005,2,97,80,34,-24,55,14,4
1526902717689005,-25,-30,-91,-88,-83,87,20,-23
1526902717697981,3,-103,-55,-22,-21,-89,-20,-7
1526902717697981,25,127,114,50,41,125,-21,11
1526902717710946,-23,-33,6,31,64,57,18,-4
1526902717710946,4,-36,-90,-24,-38,-25,8,-9
1526902717719922,22,17,53,-4,-36,35,10,0
1526902717719922,-7,-62,-80,-35,-53,-85,-8,-15
1526902717734882,0,-44,-31,2,26,-40,-6,2
1526902717734882,-9,7,44,31,33,4,-2,5
1526902717740867,-2,-16,-25,-5,26,-22,-7,6
1526902717740867,-3,32,25,10,1,-3,2,4
1526902717748845,-3,-27,-25,-15,-17,12,-1,-9
1526902717748845,7,5,46,7,13,-15,-2,2
1526902717757822,9,23,-9,2,6,-2,22,-3
1526902717757822,-5,-6,-1,-9,-14,14,55,12
1526902717771784,0,0,-13,-37,-45,10,15,-8
1526902717771784,22,3,17,49,48,7,3,4
1526902717780760,-56,-12,1,-15,-23,-39,-12,-12
1526902717780760,9,11,-4,16,17,70,12,-5
1526902717794722,21,19,-2,53,31,-29,0,6
1526902717794722,-11,-12,30,15,7,-45,-22,-11
1526902717801704,6,2,1,3,8,38,23,8
1526902717801704,-1,27,1,-26,-24,-22,-50,-3
1526902717817661,5,5,-6,-24,-23,-5,-9,-2
1526902717817661,-24,-17,9,4,4,5,-22,-6
1526902717819656,-6,1,-6,2,9,-1,20,0
1526902717819656,-19,-30,-8,-8,-16,-12,-23,-3
1526902717831624,2,0,-4,-7,3,1,15,-1
1526902717831624,5,20,14,-2,-4,5,5,8
1526902717840600,-8,-7,-6,-2,8,3,-6,-4
1526902717840600,10,6,3,2,1,1,-6,1
1526902717854562,-19,-9,-11,-1,-2,-8,-5,-1
1526902717854562,4,-13,1,-9,-4,-8,5,-5
1526902717861544,-5,-9,-6,3,4,1,-12,-4
1526902717861544,15,14,0,8,2,-4,12,4
1526902717877501,-6,-4,-9,-8,-4,7,1,-6
1526902717877501,-4,4,6,-4,-4,-2,9,-4
1526902717879496,18,7,3,6,10,16,13,2
1526902717879496,-12,-21,-5,-1,-5,-16,11,-1
1526902717891464,-7,-16,-15,-18,-9,9,28,-5
1526902717891464,14,10,4,-1,1,-4,-13,4
1526902717900440,-11,-47,-18,-5,-1,2,4,5
1526902717900440,7,51,-22,-10,-7,-6,-14,-3
1526902717914402,-1,1,43,14,1,-5,-3,2
1526902717914402,4,-44,-35,-6,5,-14,10,5
1526902717921384,13,40,59,24,27,-41,-18,9
1526902717921384,-11,-76,-78,-25,-14,5,-5,0
1526902717937341,0,103,-4,-7,-35,28,-6,-4
1526902717937341,-8,-64,-85,-9,16,9,3,-10
1526902717939336,2,-114,-127,23,70,-91,-28,8
1526902717939336,-2,101,126,23,-57,95,12,0
1526902717951304,-25,-71,-51,-69,-93,-27,24,-40
1526902717951304,26,73,39,0,-30,-63,-10,2
1526902717960280,-18,8,-16,-26,10,8,-2,-8
1526902717960280,8,-32,-44,6,46,-63,-7,1
1526902717974242,8,-15,10,30,49,9,-15,17
1526902717974242,-12,7,25,5,-13,1,3,-3
1526902717981223,16,3,0,14,-7,-2,-16,5
1526902717981223,1,7,15,9,11,10,7,4
1526902717998178,4,-6,4,-10,-3,4,-6,-11
1526902717998178,-5,-27,-2,-1,7,0,33,-2
1526902717999176,-81,-1,19,-6,-24,29,-18,-10
1526902717999176,63,35,6,-35,-25,-1,33,13
1526902718011143,-37,-44,-20,14,13,-22,-10,-10
1526902718011143,21,25,-1,39,47,-3,-59,0
1526902718020120,11,12,20,-11,-14,69,26,21
1526902718020120,-75,-31,-12,-23,-40,-115,-27,-31
1526902718034082,0,-47,-23,11,40,62,74,24
1526902718034082,5,44,13,0,-10,-14,61,5
1526902718041064,26,47,28,3,-13,26,-11,1
1526902718041064,1,-27,-18,-2,6,-17,-11,11
1526902718058018,-3,-6,-7,-7,0,-19,-41,2
1526902718058018,-42,-16,3,-4,-3,27,-10,-7
1526902718059016,24,5,-4,-3,-8,3,19,0
1526902718059016,11,-1,-4,7,7,0,-10,3
1526902718070984,-11,3,4,4,4,-15,1,2
1526902718070984,-1,-10,1,-6,-5,20,-2,-4
1526902718079960,19,21,-2,-9,-15,-24,-26,1
1526902718079960,-5,-18,0,7,12,17,3,0
1526902718094920,-3,6,0,10,8,-8,-15,-11
1526902718094920,6,-6,0,-12,-8,-3,-1,6
1526902718100904,3,15,-11,-1,-6,0,1,-9
1526902718100904,-10,-45,-33,0,8,17,6,-3
1526902718117858,17,51,37,9,5,-10,0,-1
1526902718117858,5,-11,-19,-2,-3,-10,-3,3
1526902718119853,-2,-24,-13,-5,-4,-40,5,-6
1526902718119853,0,-35,-32,5,9,12,-3,-3
1526902718131821,6,34,-8,4,21,36,-19,-1
1526902718131821,1,-76,-56,-15,-11,-14,0,0
1526902718140797,-1,68,81,-5,-22,30,11,-5
1526902718140797,0,6,16,-6,-12,-3,3,-4
1526902718154759,15,-18,-7,-2,-7,-40,-10,1
1526902718154759,-19,2,7,13,16,5,-6,-2
1526902718161741,5,-23,-28,-1,20,16,7,0
1526902718161741,-5,13,6,5,7,-11,-8,-3
1526902718177698,-5,-16,-1,-1,-7,3,1,-5
1526902718177698,2,20,17,-19,-19,9,0,-5
1526902718179693,-7,-1,-2,1,-11,-16,-10,-1
1526902718179693,7,11,8,3,6,12,1,-2
1526902718191661,-8,-11,-6,2,-2,-15,-4,-3
1526902718191661,-3,4,7,2,-3,-7,-6,-5
1526902718200637,3,-5,-9,1,3,6,-1,-4
1526902718200637,-3,1,9,3,6,10,2,-9
1526902718214599,-1,-14,-10,-2,-7,-11,1,-12
1526902718214599,5,19,14,-3,-4,1,-9,-8
1526902718221581,4,-1,-1,-1,0,9,21,2
1526902718221581,11,13,6,-11,-10,-7,30,12
1526902718237538,1,-8,-4,12,10,-1,-29,6
1526902718237538,9,18,14,29,28,22,20,5
1526902718239533,-18,-18,-7,3,-2,-2,-18,-4
1526902718239533,-16,-26,-11,0,3,-9,7,-3
1526902718251501,16,6,-1,-18,-15,-4,-41,3
1526902718251501,-18,-9,-1,-16,-10,-1,6,4
1526902718260477,15,13,2,-6,-2,1,55,24
1526902718260477,-12,-16,1,6,-1,4,-15,-3
1526902718273442,-19,-11,-9,-8,-5,-16,-4,-2
1526902718273442,16,1,0,5,3,33,18,6
1526902718282418,-17,-12,-5,2,11,-12,6,-1
1526902718282418,-22,5,0,-10,-8,-8,-27,-7
1526902718297378,3,5,8,5,2,2,20,-5
1526902718297378,-4,6,4,-7,-4,-5,5,-1
1526902718299373,15,5,-1,-7,-9,-11,-15,-8
1526902718299373,20,13,0,7,8,16,38,13
1526902718311341,-7,-3,-4,1,1,-12,-5,-8
1526902718311341,-3,7,7,-5,-3,-4,-2,2
1526902718320318,0,-2,-3,1,-4,-10,-16,0
1526902718320318,1,8,6,10,6,8,-17,-5
1526902718334279,1,-3,-2,-5,-1,21,20,-5
1526902718334279,0,1,1,-5,-8,-8,1,-2
1526902718343256,-2,-4,0,3,-1,-8,-16,-6
1526902718343256,0,-18,-10,-6,-3,-51,-10,4
1526902718357218,3,1,-68,-12,-4,-47,3,11
1526902718357218,-1,-16,60,27,50,90,-3,-6
1526902718359213,-2,37,-27,-8,-39,-35,0,-7
1526902718359213,2,-28,-8,-3,-13,-23,2,-3
1526902718371181,-4,-65,-67,-11,1,-44,-3,-2
1526902718371181,-13,112,-1,3,-7,-39,-25,-5
1526902718380157,-3,-55,-41,-19,-3,46,-6,-4
1526902718380157,1,-48,-24,-6,-5,0,2,-6
1526902718394120,-5,18,65,17,1,6,6,-6
1526902718394120,3,-30,-40,-17,-5,-61,-10,4
1526902718403096,1,4,22,15,23,47,-2,-1
1526902718403096,-3,35,0,-1,-4,10,0,-1
1526902718418056,-5,-2,-1,-4,2,32,-2,-5
1526902718418056,6,-8,7,0,-3,-10,1,2
1526902718419053,0,-4,9,1,-3,-21,-10,3
1526902718419053,-4,-4,6,5,10,-3,-3,-2
1526902718431021,-2,17,11,3,1,26,8,-2
1526902718431021,13,-8,2,-2,-16,-19,3,3
1526902718439997,-7,-12,8,3,1,-21,-5,5
1526902718439997,9,23,-4,0,5,26,-12,-6
1526902718453959,-11,-3,8,-7,-2,4,4,-9
1526902718453959,-1,-10,-8,-3,-28,-85,-5,-5
1526902718462936,0,-9,-6,3,21,76,-1,10
1526902718462936,-16,-8,-1,-4,1,-12,-1,2
1526902718477895,19,26,14,0,-13,-20,10,9
1526902718477895,6,-19,-10,-11,4,32,-16,-4
1526902718478893,4,-1,0,3,5,-32,-2,-4
1526902718478893,-13,-17,-2,2,-1,48,0,-7
1526902718490860,-8,4,1,-4,6,25,12,-5
1526902718490860,6,-5,-13,-9,-8,-34,6,4
1526902718500834,19,28,12,5,4,-18,-3,9
1526902718500834,-5,-5,-2,0,-1,-6,-9,1
1526902718513799,-7,-16,-2,4,3,-28,-6,-12
1526902718513799,-11,-16,-10,-7,-12,29,-8,-5
1526902718522776,-2,-3,-5,-1,-1,-10,-25,-8
1526902718522776,5,8,6,1,14,5,29,0
1526902718537735,-5,0,4,10,-1,2,6,-3
1526902718537735,2,0,0,0,7,17,19,4
1526902718539730,1,-2,-4,-12,-10,21,-14,2
1526902718539730,1,13,4,6,-2,-3,19,11
1526902718551698,4,-4,2,-5,-6,-21,-50,-3
1526902718551698,-22,-20,-8,0,3,25,12,-8
1526902718560674,7,3,-1,0,-3,-22,-2,8
1526902718560674,5,19,8,-1,-14,-62,-2,5
1526902718573639,-13,-18,-7,-6,33,84,16,2
1526902718573639,15,24,7,5,1,13,-8,2
1526902718582615,-17,-24,-3,1,-6,-16,5,-4
1526902718582615,2,5,1,4,3,-9,-13,-4
1526902718596578,-4,-2,-8,-4,-13,-25,-2,-1
1526902718596578,-1,-2,1,-4,-3,2,-8,2
1526902718603559,2,-40,-50,-13,6,9,14,7
1526902718603559,12,63,84,21,6,10,0,-1
1526902718611538,-1,10,-53,-12,-9,-14,-8,-11
1526902718611538,-2,-34,14,10,10,19,1,-6
1526902718620515,-5,50,-20,-11,-10,-26,9,0
1526902718620515,6,4,13,12,11,-14,-9,4
1526902718633479,-8,-26,-15,-1,-2,39,9,-6
1526902718633479,9,25,19,6,17,36,-1,6
1526902718642455,-14,-8,-14,-21,-22,42,3,-10
1526902718642455,1,-20,-24,-13,-19,-16,-8,-7
1526902718657416,3,20,43,24,15,-61,-7,-2
1526902718657416,-2,-8,-46,-7,-2,7,-1,2
1526902718663400,-1,-2,33,2,16,1,10,-4
1526902718663400,-5,-4,-25,-13,0,30,-2,-12
1526902718671378,0,-13,9,-3,-33,-69,1,-2
1526902718671378,-3,10,-3,8,12,6,-10,-4
1526902718680354,0,-5,3,11,1,-18,-6,3
1526902718680354,-3,-7,-2,-4,0,8,0,0
1526902718694317,3,-1,-6,-3,-4,9,0,-1
1526902718694317,-6,-26,-10,-3,-8,-26,-3,-7
1526902718703293,11,50,53,13,9,12,4,-3
1526902718703293,-2,-10,-28,-3,-2,-1,-2,-3
1526902718717255,-2,-4,2,1,5,14,2,2
1526902718717255,0,4,8,-6,-5,2,4,7
1526902718724236,1,-12,-1,-2,-6,-19,-5,6
1526902718724236,-2,-9,-15,0,3,4,-5,3
1526902718731218,-3,12,7,-2,1,12,3,-1
1526902718731218,-4,-3,-1,-6,-5,-13,0,-4
1526902718740195,-11,-23,-7,2,-3,-16,-5,-1
1526902718740195,8,2,-5,-6,-1,-2,-13,0
1526902718754156,-33,-10,5,-1,2,17,10,-12
1526902718754156,11,-4,-8,-16,-14,-18,38,6
1526902718763133,30,50,16,-1,-27,-24,-84,0
1526902718763133,-81,-108,-23,14,35,36,10,-23
1526902718777095,27,20,-2,-5,-17,-15,16,9
1526902718777095,-14,17,10,4,16,1,7,-9
1526902718784077,-20,-22,2,6,4,8,-49,-8
1526902718784077,23,26,5,-8,-16,-25,-16,-1
1526902718800034,-36,-45,-17,-2,-9,-7,-24,-21
1526902718800034,5,0,4,0,-1,5,-8,-1
1526902718802029,16,8,-2,-5,-1,9,40,9
1526902718802029,-7,-2,-3,-2,-10,-14,-3,1
1526902718813997,12,11,5,2,17,26,-1,2
1526902718813997,12,10,5,-1,-13,-6,-6,3
1526902718822973,-3,-40,-18,0,5,-20,13,2
1526902718822973,3,20,-24,-13,-3,2,-1,1
1526902718836935,13,62,67,22,10,22,15,6
1526902718836935,-5,-70,-24,-7,-4,-9,-11,-2
1526902718843916,-15,52,-14,9,4,-85,6,-1
1526902718843916,20,101,54,45,11,13,-2,4
1526902718859874,4,-12,-44,-26,-7,48,-6,-4
1526902718859874,-13,-42,-63,-2,17,76,9,-6
1526902718861869,-5,-7,6,-16,-20,-11,37,2
1526902718861869,1,-17,-53,-48,-39,-37,2,-14
1526902718873836,9,15,7,14,5,-110,-31,4
1526902718873836,-11,-19,-16,-9,3,47,-9,-4
1526902718882813,3,-12,-20,2,14,4,15,2
1526902718882813,3,9,2,2,11,-2,-2,1
1526902718896775,-9,-30,-3,0,2,10,5,-5
1526902718896775,4,4,1,3,-10,-54,-13,1
1526902718903757,1,-10,1,5,4,31,4,4
1526902718903757,3,-8,25,3,-1,12,3,3
1526902718920711,-6,-27,-15,-9,-7,-1,3,-8
1526902718920711,-10,13,22,6,-3,-15,-2,1
1526902718921709,15,27,17,1,0,17,3,8
1526902718921709,-7,-24,-15,-4,2,3,-2,3
1526902718933676,-35,-42,-24,-11,-4,14,5,-5
1526902718933676,21,37,19,7,-1,-19,2,6
1526902718942652,-7,-9,9,0,2,13,5,3
1526902718942652,-2,-25,-13,-2,0,-4,1,0
1526902718956615,-13,-15,-10,-3,0,8,5,-7
1526902718956615,15,10,18,4,-5,-17,-16,-2
1526902718963596,-15,-37,-12,1,6,6,3,-1
1526902718963596,35,59,19,-2,-3,2,0,14
1526902718980551,-6,2,9,4,-3,-4,3,-13
1526902718980551,-8,-2,-4,-6,-5,-6,16,-4
1526902718981548,7,-23,-8,-1,2,1,-12,-11
1526902718981548,-7,0,-4,4,4,17,35,-1
1526902718993517,2,2,-4,0,2,-7,-25,-6
1526902718993517,1,8,1,-4,-3,-1,18,3
1526902719002492,6,7,-2,0,-3,0,4,3
1526902719002492,-20,-28,-2,-2,0,5,-6,-5
1526902719017452,21,17,5,1,-2,-8,13,6
1526902719017452,4,13,7,3,-2,-6,-6,6
1526902719023436,-6,-4,4,0,2,4,-6,1
1526902719023436,-5,-58,-31,-10,-8,-29,-14,-4
1526902719040391,17,105,45,25,9,-3,0,8
1526902719040391,-8,-29,-50,-3,12,21,-11,-1
1526902719041389,-10,-15,-8,-6,-7,50,10,-5
1526902719041389,3,-5,13,2,-14,-1,-3,-4
1526902719054354,4,-9,-24,-12,-5,-1,4,4
1526902719054354,-5,-1,8,1,-3,-38,-7,1
1526902719063330,5,16,10,5,5,-16,-5,2
1526902719063330,-5,-28,-26,-13,-1,7,-2,1
1526902719077292,-3,-15,-82,-18,-9,-27,-5,-5
1526902719077292,4,-7,50,25,9,24,3,4
1526902719084274,-3,-43,-41,-12,-5,-8,-1,-3
1526902719084274,-2,21,13,4,3,5,-3,0
1526902719100231,-2,-38,-23,-15,-6,0,0,-1
1526902719100231,-11,3,1,-2,-6,-20,-6,-3
1526902719102226,8,17,10,3,10,14,4,4
1526902719102226,-3,-7,4,-2,3,1,4,-4
1526902719114194,8,17,33,8,5,14,2,4
1526902719114194,-18,-2,-12,-7,-8,-4,-5,-9
1526902719123170,8,1,15,8,-5,-15,-4,1
1526902719123170,-1,-1,-9,-1,1,-2,-3,-6
1526902719137132,7,-5,-16,-3,-2,3,-2,-1
1526902719137132,6,34,40,6,-1,-1,2,6
1526902719144113,-12,-25,-20,-10,2,1,2,-3
1526902719144113,2,1,0,0,3,1,-3,-1
1526902719160071,0,19,-8,0,-2,7,0,-2
1526902719160071,1,-33,-12,-4,-5,-12,-1,-2
1526902719162066,2,17,1,-6,-5,-5,-1,2
1526902719162066,-2,-6,-4,4,5,4,-1,-3
1526902719174034,-8,-30,1,-4,-2,2,1,-3
1526902719174034,0,3,-9,-3,-1,-2,-2,0
1526902719183010,9,1,4,3,-1,-1,0,4
1526902719183010,-2,-2,4,4,0,1,-11,-1
1526902719196972,-17,-20,1,-10,-6,-2,47,-10
1526902719196972,7,6,0,-12,-13,0,-33,0
1526902719203954,-14,11,3,-17,-16,-8,-22,-2
1526902719203954,37,10,-18,22,18,15,16,-7
1526902719219911,-39,-26,12,-4,0,12,-26,-3
1526902719219911,-5,-13,-17,11,1,1,36,-18
1526902719221906,29,0,5,44,26,1,37,14
1526902719221906,-27,-9,-6,-21,-19,-5,3,-4
1526902719233873,27,9,7,-7,-6,-7,10,-1
1526902719233873,-7,-7,-1,-14,-8,-1,-1,5
1526902719242850,0,2,-3,-18,-16,-10,-12,0
1526902719242850,2,12,11,4,4,2,7,3
1526902719256812,3,-1,9,3,4,14,2,-2
1526902719256812,-18,3,-5,-10,-6,-11,-20,-1
1526902719263793,5,3,3,9,5,-1,8,-5
1526902719263793,-23,0,1,-1,0,-2,-1,-6
1526902719279751,-2,17,15,9,4,2,-2,10
1526902719279751,-32,-36,-25,-8,-6,-16,-11,-17
1526902719281746,-6,-10,-10,-5,0,-3,-17,-4
1526902719281746,8,-2,3,-3,-3,-1,-3,7
1526902719293714,-6,0,6,4,0,-9,-26,-2
1526902719293714,57,17,12,11,9,14,33,11
1526902719302690,-55,-20,-9,-7,-1,3,4,-4
1526902719302690,-8,5,-3,-4,-6,-9,-17,-4
1526902719316652,11,16,15,10,7,6,8,6
1526902719316652,26,-3,-2,-4,1,-1,9,4
1526902719323634,-8,-7,0,-7,-3,-16,-19,-5
1526902719323634,-1,7,6,14,5,6,-2,-2
1526902719340588,-5,-7,-11,-13,-7,7,2,-9
1526902719340588,-9,8,-1,-6,-1,1,4,-1
1526902719341586,-7,8,1,0,0,-1,1,-10
1526902719341586,1,-7,-2,-2,-2,-16,-6,-6
1526902719353553,15,-5,-3,2,-1,2,0,-4
1526902719353553,-5,4,3,0,1,0,-14,2
1526902719362529,12,6,0,1,-1,-3,6,4
1526902719362529,-22,-21,-9,-8,-2,-2,-6,-5
1526902719377489,-9,15,-14,2,-2,-2,-5,-5
1526902719377489,-12,-42,-38,-10,-3,0,-6,3
1526902719383474,16,33,63,22,5,1,-2,11
1526902719383474,8,20,12,5,-2,3,6,4
1526902719400428,-3,-19,-19,-12,6,10,-1,-5
1526902719400428,-3,3,0,3,0,-4,-2,4
1526902719401426,4,-8,-17,-14,-2,8,2,1
1526902719401426,-7,-7,-11,-11,-10,-6,-5,-7
1526902719413394,-5,-6,11,6,-1,-11,-1,-1
1526902719413394,-1,11,2,1,-2,-5,-8,-2
1526902719423367,-4,-3,-4,2,1,6,2,0
1526902719423367,15,10,7,2,2,-4,0,0
1526902719436332,-1,-7,-4,3,-1,-1,-5,-6
1526902719436332,11,9,9,4,4,-2,7,1
1526902719445309,-1,-10,-13,-10,-5,-9,11,3
1526902719445309,0,-4,-2,-2,1,18,-10,1
1526902719460268,12,-9,6,2,-1,-6,-12,-4
1526902719460268,26,44,17,6,7,15,25,17
1526902719462264,-8,-25,-12,4,0,-10,-15,-9
1526902719462264,-2,-30,-12,-9,-4,-7,14,-3
1526902719474231,14,35,7,-7,-8,-12,-27,3
1526902719474231,-21,2,1,-4,-2,-1,11,4
1526902719483207,14,-9,-9,-5,0,4,15,11
1526902719483207,-11,-15,-9,1,3,-4,-12,-4
1526902719496172,-19,-23,-7,0,0,1,2,-3
1526902719496172,8,5,1,-3,-4,-2,-12,1
1526902719505148,-9,14,8,4,-2,5,-6,-4
1526902719505148,-11,-7,-2,-1,3,-5,5,-8
1526902719520108,1,3,11,8,4,7,9,-4
1526902719520108,-1,12,4,1,-2,-3,-3,-1
1526902719522103,-12,-17,-10,-1,-1,-5,-3,-13
1526902719522103,-9,11,2,0,0,9,-8,-3
1526902719534071,31,12,6,6,2,-1,10,7
1526902719534071,-28,-19,-2,2,1,1,19,-4
1526902719543047,-10,1,-4,-3,-1,1,-41,-2
1526902719543047,7,5,7,0,1,3,21,6
1526902719556012,-9,-12,-8,-7,-6,-3,0,-1
1526902719556012,-9,-6,3,5,5,3,-7,-1
1526902719564988,27,9,-2,-3,-4,-4,8,10
1526902719564988,13,44,13,1,-1,-4,1,4
1526902719579948,-12,-23,-9,-2,0,0,-2,-5
1526902719579948,25,28,13,1,-2,-4,-10,10
1526902719585932,-13,-15,-13,-9,-6,-2,1,-2
1526902719585932,-2,-4,-1,2,0,2,-8,-3
1526902719593911,-9,-5,7,0,-2,-6,5,-4
1526902719593911,-11,-5,-8,-2,-2,-5,-14,-6
1526902719602887,7,5,4,3,2,7,10,0
1526902719602887,3,-14,-3,-1,0,-2,1,1
1526902719615852,-13,14,4,-1,-2,0,2,0
1526902719615852,2,-3,6,7,5,-4,-6,-2
1526902719625826,8,-2,-7,-4,-3,0,7,5
1526902719625826,-11,-3,-36,-11,-1,-15,-2,-4
1526902719639788,3,-38,14,10,37,-31,0,9
1526902719639788,8,50,41,16,-16,48,-5,-2
1526902719646769,-9,-67,-16,-24,-34,26,7,-8
1526902719646769,0,10,25,-1,-12,-11,0,-10
1526902719653751,-3,70,-77,-20,9,-34,-15,4
1526902719653751,4,-124,-32,37,25,-3,-1,1
1526902719662727,-3,-5,-14,-14,6,48,10,10
1526902719662727,-2,-22,-14,-12,-13,2,5,-10
1526902719676690,15,16,-6,-5,-15,-6,-3,2
1526902719676690,-17,0,8,-9,7,-26,-14,0
1526902719685666,2,44,13,11,11,-6,-1,-5
1526902719685666,14,-19,-5,-4,6,8,1,6
1526902719699628,8,10,29,7,-8,5,2,7
1526902719699628,-6,4,-21,-5,-7,-11,-4,-3
1526902719706609,-6,-5,17,7,3,-15,-5,2
1526902719706609,0,21,-8,-2,2,-1,1,0
1526902719722567,-8,-36,-3,1,-11,16,-1,-12
1526902719722567,-1,17,11,-11,-12,-1,6,-3
1526902719724562,7,-1,-15,-1,4,-11,-2,-3
1526902719724562,-34,-7,8,8,4,-5,-8,-5
1526902719736529,-1,-5,8,7,-4,17,6,-5
1526902719736529,-1,-13,-19,-21,-6,-5,-2,-6
1526902719745506,20,40,17,7,1,-10,-7,8
1526902719745506,-17,-12,-6,6,7,3,12,-7
1526902719759468,31,2,14,5,2,18,7,6
1526902719759468,-68,-9,-13,-11,-1,7,39,-5
1526902719766449,6,-18,-10,1,-9,-31,-6,-8
1526902719766449,27,17,6,9,1,2,-2,8
1526902719782406,-82,-60,-32,-23,-10,0,-16,-28
1526902719782406,45,17,4,0,-1,1,10,11
1526902719784402,0,20,11,11,5,0,-2,3
1526902719784402,20,-6,-10,-10,-1,4,-5,-2
1526902719796369,3,7,11,5,1,0,2,8
1526902719796369,4,9,-8,-3,-2,-4,-17,3
1526902719805346,-17,-10,-7,-5,0,2,1,-2
1526902719805346,7,5,4,5,3,3,5,2
1526902719819308,11,-2,-4,-1,-4,-1,-34,-3
1526902719819308,-14,-8,2,1,0,-2,-3,-1
1526902719826290,11,-7,-4,1,1,-2,-1,7
1526902719826290,-1,33,11,2,-4,-8,12,0
1526902719842247,-7,-21,-10,-7,-8,1,-10,-9
1526902719842247,24,33,-54,-11,-1,-5,-3,1
1526902719844242,-15,-28,16,14,7,-1,-1,-2
1526902719844242,2,-11,-11,4,2,3,-9,-5
1526902719856209,-3,20,9,2,-1,3,14,2
1526902719856209,1,-24,-15,-5,-3,-5,-16,-7
1526902719865185,-6,-30,-24,-8,-4,-5,-5,-5
1526902719865185,-13,31,22,11,1,-10,-4,0
1526902719879148,21,-16,-11,-1,16,20,16,3
1526902719879148,4,0,14,-8,-8,3,0,2
1526902719886129,-11,11,0,-4,-16,-5,5,-2
1526902719886129,-8,-43,-21,-9,-9,-9,-7,-3
1526902719903084,6,-46,-3,1,1,-5,3,-1
1526902719903084,19,89,71,47,26,-10,-13,6
1526902719904081,-8,12,-11,-1,4,9,1,-1
1526902719904081,-4,-32,-31,-29,-2,25,6,-6
1526902719916049,-10,4,1,-8,-8,-3,5,-6
1526902719916049,-19,-34,-26,-17,-7,-8,-6,-4
1526902719925025,11,-6,-4,8,-3,-14,-3,4
1526902719925025,-3,9,9,7,-4,-11,-9,1
1526902719939985,0,9,-10,2,2,6,8,-2
1526902719939985,1,-27,-7,-10,-1,5,-1,-2
1526902719945969,3,18,2,2,4,-4,-4,2
1526902719945969,-4,-11,-3,-3,1,6,3,-4
1526902719962924,0,20,8,4,-4,-4,0,-5
1526902719962924,13,-13,-5,-1,-6,-8,-12,2
1526902719963922,-9,-3,6,-8,1,10,10,3
1526902719963922,8,19,15,11,5,-3,0,-1
1526902719976886,1,1,-5,0,-4,1,3,-4
1526902719976886,2,-1,9,-7,-8,-10,16,3
1526902719984865,2,6,-13,-20,-10,12,-42,0
1526902719984865,3,-7,0,37,27,13,52,0
1526902719999825,-1,13,8,21,12,0,0,-8
1526902719999825,8,-11,-4,-9,-6,6,-5,5
1526902720006807,-17,-2,-1,-9,-7,-19,3,-9
1526902720006807,3,4,-3,-18,-17,-2,-11,1
1526902720022764,12,4,9,3,2,3,-1,5
1526902720022764,-7,-9,-7,-5,-4,-2,1,-2
1526902720024759,5,-1,-2,2,-1,-2,4,1
1526902720024759,-3,2,3,0,0,-1,-17,-2
1526902720036727,-6,-2,-3,-3,-3,-3,10,1
1526902720036727,0,-11,-5,-3,-2,0,-12,0
1526902720045703,-8,2,6,8,6,7,9,4
1526902720045703,4,0,-10,-7,-3,-8,-8,-9
1526902720059665,-7,-10,1,-1,-2,-1,2,0
1526902720059665,-7,-7,-2,-3,-2,0,1,-2
1526902720066646,39,37,4,-1,-2,-8,-5,5
1526902720066646,-14,-14,1,1,-2,-1,-5,2
1526902720082604,9,7,-3,-13,-12,5,53,1
1526902720082604,-8,-18,-2,15,15,11,-22,-1
1526902720084599,-7,-1,-2,8,7,10,15,-5
1526902720084599,5,2,0,-3,-9,-20,3,-4
1526902720096566,-3,-1,-8,-8,-5,1,-1,-2
1526902720096566,-7,-7,-4,-3,-4,-4,0,-7
1526902720105543,-2,0,-7,1,3,-2,5,0
1526902720105543,-3,-3,5,-2,-1,6,2,-5
1526902720119505,-11,-2,1,1,-3,-5,-14,-1
1526902720119505,-2,-13,-30,-11,-8,-6,-2,2
1526902720126487,24,28,68,17,10,2,-5,6
1526902720126487,-12,-6,-3,-2,-3,-2,-8,-3
1526902720142444,-2,6,-3,-3,-2,-4,-15,1
1526902720142444,9,-5,1,3,0,1,-4,6
1526902720144439,-17,-17,-15,1,-1,-2,6,-4
1526902720144439,3,3,-6,-5,-2,3,-8,-3
1526902720156407,2,0,13,-2,-2,-4,-10,1
1526902720156407,9,9,2,1,0,0,12,0
1526902720165383,-17,-31,-24,-7,-2,-8,-3,-4
1526902720165383,-9,-61,-3,2,28,-8,-11,-1
1526902720179345,16,104,48,32,-3,8,-9,-2
1526902720179345,-5,-39,-35,-28,-41,-1,1,-8
1526902720186326,-8,-17,-11,4,0,7,3,-5
1526902720186326,-5,-33,-26,-20,-3,1,-8,-7
1526902720202284,2,0,-8,-1,7,-19,-6,2
1526902720202284,-3,12,15,10,24,14,4,4
1526902720204279,4,15,10,-13,-9,6,1,-1
1526902720204279,-12,7,-16,-5,-11,-7,-5,-11
1526902720216246,2,-19,-7,-4,1,-4,-2,2
1526902720216246,6,20,14,7,-6,-13,-2,2
1526902720225223,-9,-20,-12,2,0,-3,-3,-1
1526902720225223,-4,23,7,5,1,10,1,-5
1526902720239185,-4,-25,-11,-7,-4,-3,-3,-1
1526902720239185,6,-1,14,4,3,-3,1,6
1526902720246166,5,4,-8,0,1,-1,1,4
1526902720246166,-5,10,7,4,-2,1,-2,-1
1526902720263121,1,-17,-10,-11,-9,1,-1,-2
1526902720263121,-13,5,1,3,8,-1,-7,-5
1526902720264118,7,-1,-3,3,3,8,21,2
1526902720264118,11,12,1,-3,-10,-15,-6,-2
1526902720276086,-17,-38,-18,-7,4,-2,-35,-7
1526902720276086,22,53,15,-17,-10,8,21,25
1526902720285063,-13,-13,1,7,5,-35,-38,-19
1526902720285063,-29,-48,-2,67,51,62,88,3
1526902720300022,35,45,7,-11,-9,-24,-21,2
1526902720300022,-5,7,6,13,2,5,14,4
1526902720306006,-5,-11,-7,-24,-14,-3,1,-1
1526902720306006,-6,4,0,-21,-18,-11,-6,-3
1526902720322961,-23,-39,-12,5,9,9,18,-6
1526902720322961,2,-2,2,-3,-1,-5,-2,-2
1526902720323960,11,11,0,6,-1,-3,-12,-4
1526902720323960,4,7,-2,-11,-6,-5,-15,0
1526902720335927,-36,-11,-10,-3,-2,5,2,-13
1526902720335927,2,-5,-4,-4,-4,-9,-17,-4
1526902720344902,-8,-1,-6,0,0,0,1,0
1526902720344902,17,16,8,-1,-2,-3,-9,3
1526902720359863,5,-34,-23,-11,-6,0,4,1
1526902720359863,-2,46,-4,7,4,-10,-6,-5
1526902720365847,-10,2,45,14,6,13,9,5
1526902720365847,3,-2,-14,-13,8,-19,-14,1
1526902720382801,5,41,-12,23,-5,-21,-4,9
1526902720382801,-20,-110,-119,-46,-33,40,-4,-6
1526902720384796,13,4,53,2,-8,23,23,3
1526902720384796,2,64,-5,-9,3,1,-14,-11
1526902720396763,4,-34,-9,-14,4,-1,5,-7
1526902720396763,18,-19,-3,9,11,-22,-1,5
1526902720405740,-29,21,-13,1,-10,-15,-11,-2
1526902720405740,19,-36,-28,-13,-18,-11,-12,0
1526902720419702,2,-9,14,10,14,8,5,1
1526902720419702,19,29,41,14,4,-1,0,7
1526902720426684,2,-20,-23,-10,-2,-2,-1,0
1526902720426684,-4,11,19,8,-4,-6,2,0
1526902720442641,0,2,-5,-6,-6,0,-13,-5
1526902720442641,7,13,30,1,4,6,3,1
1526902720444636,-4,-3,-33,-10,3,-6,-8,-5
1526902720444636,-5,-7,0,2,-5,-4,-3,-3
1526902720456604,4,7,9,-6,-9,10,3,-1
1526902720456604,-16,-15,-3,1,6,-11,-1,0
1526902720465580,12,14,-2,4,4,3,1,2
1526902720465580,-12,0,4,0,-6,4,-17,-10
1526902720479542,-11,-10,1,-5,-1,3,7,2
1526902720479542,-12,-26,3,-1,3,0,11,-3
1526902720486524,20,39,-13,-9,-6,-19,7,7
1526902720486524,24,39,16,-37,-37,-26,-63,-8
1526902720502481,-16,-22,-1,67,50,56,42,11
1526902720502481,-55,-28,-4,13,10,-10,-8,-20
1526902720508465,53,37,-9,-12,-8,8,14,8
1526902720508465,4,-17,-5,2,-1,2,14,2
1526902720516444,-5,0,2,-30,-18,-30,-46,-4
1526902720516444,-16,-8,6,0,0,2,0,-2
1526902720525420,-10,-29,-8,2,5,1,2,7
1526902720525420,-6,13,1,-4,-8,-8,0,-1
1526902720539382,-41,-15,-12,-12,-11,-10,-11,-18
1526902720539382,14,10,8,4,3,7,12,7
1526902720548358,-14,-22,-16,-8,-4,-7,-12,-9
1526902720548358,-2,20,23,14,10,13,15,4
1526902720562321,19,-3,-4,-1,0,-2,0,0
1526902720562321,6,18,5,-5,-5,-10,2,5
1526902720569302,0,-12,-2,3,1,4,-8,-3
1526902720569302,-23,-25,-42,-4,-1,0,5,-8
1526902720576284,10,53,21,10,2,-2,15,4
1526902720576284,13,-7,11,-4,-3,2,-11,1
1526902720585260,-13,-4,6,-3,3,3,-6,-6
1526902720585260,-4,-117,-76,-13,18,-10,1,-2
1526902720599222,8,93,52,25,-8,-15,-2,7
1526902720599222,17,51,27,-3,-12,21,0,2
1526902720608199,-21,-29,-20,-15,-18,10,3,-15
1526902720608199,2,-10,-19,-4,8,6,13,-1
1526902720622161,-6,-40,6,5,19,-6,-3,-9
1526902720622161,-9,-1,-11,16,7,-9,-8,4
1526902720629142,-3,4,1,-12,5,8,7,-4
1526902720629142,7,12,5,-1,-8,-4,-1,-6
1526902720645100,12,-5,-6,1,-3,-2,2,8
1526902720645100,27,5,12,17,10,3,-2,2
1526902720647094,-32,-27,-18,-3,-1,-7,-6,-7
1526902720647094,5,27,27,6,-1,3,2,2
1526902720659062,11,-8,-7,-11,-8,4,1,-3
1526902720659062,-5,-11,-1,-6,-5,-7,-2,-7
1526902720668038,10,5,1,13,4,-3,-1,9
1526902720668038,-1,24,27,11,3,4,1,-4
1526902720682001,-9,-7,-2,-12,-7,4,4,-2
1526902720682001,7,-12,-26,-16,-5,-8,-4,3
1526902720688982,-3,0,3,5,3,-5,-7,1
1526902720688982,-10,13,16,6,-2,1,10,2
1526902720704940,12,-15,-16,-11,-4,2,-2,6
1526902720704940,-5,-10,-11,-11,-3,-7,-9,4
1526902720706935,16,-7,1,9,1,-5,-10,1
1526902720706935,-59,-17,2,-7,-5,2,37,-7
1526902720718902,43,33,-5,-22,-19,-2,-42,3
1526902720718902,17,9,0,16,12,-22,-72,-7
1526902720727879,-52,-63,-4,3,-8,-6,44,-3
1526902720727879,75,79,5,-23,-9,37,26,1
1526902720741841,9,-6,1,24,21,10,47,8
1526902720741841,-45,-25,-6,-8,10,5,17,-1
1526902720748822,8,1,1,15,6,-20,-27,-13
1526902720748822,-4,2,12,7,-9,-18,-46,1
1526902720764780,-9,-8,-6,-11,-13,-3,-10,-4
1526902720764780,13,4,-1,-5,-5,7,-1,-4
1526902720766774,-8,-6,-2,7,10,8,-1,-1
1526902720766774,-20,-8,2,2,-1,0,8,-7
1526902720778742,9,9,1,-5,-3,0,-4,1
1526902720778742,-11,-26,-4,2,-1,-7,8,4
1526902720787719,-1,-11,-66,-27,-8,-15,-12,0
1526902720787719,24,110,88,47,30,-17,-9,5
1526902720801681,-22,-90,-66,-11,-4,28,4,-1
1526902720801681,-4,104,-2,-8,-15,-11,8,0
1526902720808662,10,-75,-58,-3,-15,15,4,6
1526902720808662,-4,73,-62,-20,35,-15,-22,0
1526902720825617,-33,-97,-24,30,-25,33,17,-7
1526902720825617,23,-60,-49,-43,-61,75,18,-4
1526902720826615,3,85,-53,-32,-22,-40,-4,-10
1526902720826615,-9,-79,-3,5,6,-1,-4,-8
1526902720838582,-7,-6,-21,-20,5,-46,-12,-5
1526902720838582,13,8,24,40,32,-38,-4,12
1526902720847558,-28,-31,-13,-8,10,29,-5,-4
1526902720847558,-6,-48,-1,1,-9,-5,-1,-4
1526902720862518,7,48,26,-1,11,-5,4,5
1526902720862518,3,-39,-1,0,-2,-2,5,-2
1526902720868502,10,38,64,22,13,-3,0,0
1526902720868502,-12,-23,-13,-4,-8,18,5,-4
1526902720885457,5,12,15,-8,-3,-3,-2,1
1526902720885457,-7,9,-1,2,0,-9,-1,5
1526902720886454,7,8,21,9,5,10,-5,2
1526902720886454,-10,-21,-6,1,-11,1,18,-5
1526902720898422,19,4,-21,-15,-11,-6,-5,-1
1526902720898422,-24,-11,7,0,11,13,54,9
1526902720908396,26,25,26,9,5,-12,-23,3
1526902720908396,-13,-71,-24,-8,-13,4,3,-12
1526902720922358,-6,30,14,-7,-1,-22,-33,7
1526902720922358,-8,18,5,-2,2,0,9,5
1526902720929339,21,-4,10,-17,-2,4,12,-8
1526902720929339,-25,-11,-9,4,-2,4,-7,0
1526902720945297,9,-15,-6,4,13,12,-20,-13
1526902720945297,-1,-12,-7,-1,5,-4,-42,-16
1526902720947291,5,1,-8,-5,-16,7,26,2
1526902720947291,14,4,1,-15,-18,-38,-79,-2
1526902720959260,-9,-4,4,-6,9,5,17,5
1526902720959260,-1,-17,-7,2,-3,13,-1,2
1526902720968236,-14,-10,6,3,0,-16,-20,-5
1526902720968236,-2,-7,-6,3,1,18,27,-4
1526902720982198,3,5,5,2,-5,-5,15,7
1526902720982198,-3,-3,-1,4,9,-1,-2,-2
1526902720989179,-5,-5,6,7,7,3,5,1
1526902720989179,5,3,-11,0,-5,-1,6,1
1526902721005137,2,13,18,3,-1,-3,-4,-5
1526902721005137,0,-8,-7,-5,1,-8,-5,1
1526902721007132,1,16,20,3,2,2,-3,3
1526902721007132,4,-51,-78,-8,5,-37,-3,-2
1526902721019099,5,25,33,22,-2,20,9,9
1526902721019099,1,21,-58,-17,-10,55,10,3
1526902721028075,-6,-61,-13,-1,-1,-55,3,-5
1526902721028075,-3,54,-65,17,-37,48,2,1
1526902721042038,-14,-42,5,-18,15,86,7,-14
1526902721042038,5,-36,-32,-2,47,-55,7,7
1526902721049019,15,102,33,2,-31,12,-1,-2
1526902721049019,-7,-106,-96,-53,-73,-56,3,-14
1526902721064977,27,74,75,45,39,-55,-7,14
1526902721064977,6,-15,20,4,-25,15,-2,-2
1526902721066971,1,-35,-40,5,28,-14,-3,7
1526902721066971,-15,-18,32,19,40,1,8,-1
1526902721078939,-2,16,-45,-56,-9,31,12,-16
1526902721078939,-2,-12,9,8,-4,-24,-12,-13
1526902721087916,-15,-14,10,18,14,-7,-2,2
1526902721087916,26,35,45,19,9,6,-3,3
1526902721101878,-10,-24,-18,2,-11,-8,16,-2
1526902721101878,9,-1,9,-13,-7,-17,-6,8
1526902721108859,-15,-15,-12,0,-3,21,-20,-5
1526902721108859,38,34,50,2,16,16,-32,8
1526902721124816,-4,-3,-25,-14,-17,-9,2,10
1526902721124816,-1,-30,-3,21,12,-21,8,6
1526902721126812,-30,0,11,-12,-9,38,-1,4
1526902721126812,-7,18,24,19,22,-7,-30,-5
1526902721138779,18,-4,-24,-11,-14,-17,-39,-2
1526902721138779,-35,7,7,-10,-12,-13,-23,5
1526902721147756,-37,-42,-8,-14,-15,-1,6,-18
1526902721147756,35,57,23,-17,-9,-15,22,11
1526902721161718,-28,-46,-30,35,34,14,2,-17
1526902721161718,15,23,23,5,-1,-9,-33,-2
1526902721168699,-18,6,-10,-14,0,15,2,-15
1526902721168699,-5,-19,7,-9,-7,0,12,-1
1526902721185654,26,30,10,0,-8,-4,24,5
1526902721185654,11,9,6,-5,-5,-5,-11,0
1526902721186652,23,10,7,14,9,-12,-4,1
1526902721186652,-22,-22,-3,-9,-7,10,14,-12
1526902721198619,5,22,3,10,6,-9,-1,8
1526902721198619,-6,-1,3,-2,0,6,4,-2
1526902721207595,17,4,-4,-3,-5,-6,3,2
1526902721207595,-24,-6,9,1,9,6,5,-15
1526902721222555,-8,-6,-17,-10,-14,-6,5,-10
1526902721222555,-8,-4,6,-1,-5,0,14,-15
1526902721228539,8,12,0,4,3,-6,-2,-8
1526902721228539,-6,-50,-62,-11,5,14,13,7
1526902721245494,-2,-7,42,8,-3,-18,-18,16
1526902721245494,4,0,-6,0,-2,5,8,17
1526902721246491,-2,-55,-22,20,15,-39,3,18
1526902721246491,-7,24,26,7,9,57,7,7
1526902721258459,-13,-34,-24,-27,-4,-1,5,3
1526902721258459,2,58,62,22,-19,-18,4,8
1526902721267435,4,-12,-3,-13,10,55,7,-1
1526902721267435,-13,-3,21,4,-5,-36,4,-6
1526902721282395,9,-3,6,23,12,-20,-7,-5
1526902721282395,6,-12,-19,-5,4,17,10,9
1526902721289377,9,-5,-32,-17,3,-29,-3,-7
1526902721289377,-3,11,36,33,-2,-5,-4,-2
1526902721305334,-10,14,-6,-49,-38,25,7,4
1526902721305334,8,-27,-25,-7,-5,-12,3,-9
1526902721307329,-1,24,13,13,-3,13,2,-4
1526902721307329,-3,-1,-9,-6,14,-2,-2,-6
1526902721319296,-12,-34,-20,15,9,-26,-5,0
1526902721319296,2,28,5,-1,-3,8,1,-3
1526902721328273,1,0,-3,-11,-11,14,4,1
1526902721328273,-2,10,13,8,7,-11,1,-4
1526902721342235,1,-6,-10,0,-2,-5,2,-2
1526902721342235,1,-5,-14,-10,2,16,1,-3
1526902721349216,-7,21,12,4,-3,-8,-6,-7
1526902721349216,6,-2,-3,-1,0,-4,13,0
1526902721365174,-8,-5,-10,-2,-9,3,4,-2
1526902721365174,-2,2,-10,-3,2,2,-8,-2
1526902721367169,7,0,12,7,0,-8,-2,3
1526902721367169,-4,4,2,-11,-6,5,0,-3
1526902721379136,-1,-12,-4,4,3,1,2,0
1526902721379136,-9,-7,2,0,4,-8,5,8
1526902721388113,34,51,13,2,0,13,55,4
1526902721388113,-6,-15,-10,1,-2,-11,-46,-11
1526902721402075,-19,-17,-9,10,9,13,27,-9
1526902721402075,16,9,3,-5,-8,-14,11,-1
1526902721409057,-23,5,-3,11,8,26,8,-7
1526902721409057,18,28,7,-19,-20,12,24,14
1526902721425014,-20,-25,3,8,12,-21,-20,-13
1526902721425014,-7,-13,-3,15,8,10,-5,1
1526902721427009,-3,-1,1,-7,-9,-26,-14,2
1526902721427009,-12,-3,-4,-7,-4,1,7,-2
1526902721438976,7,8,0,-2,-9,-3,-23,4
1526902721438976,-12,-7,-7,-8,-1,4,1,-3
1526902721447953,-2,-2,2,2,1,-1,-9,-1
1526902721447953,-7,-31,-18,1,-1,-4,-6,0
1526902721461915,15,59,18,1,-6,-5,7,9
1526902721461915,-2,-12,-6,1,8,5,2,-1
1526902721468896,-9,15,-25,-6,-4,0,-3,-6
1526902721468896,1,-82,-49,-1,32,-58,-6,2
1526902721484854,5,-35,39,13,-24,8,-11,7
1526902721484854,23,74,85,60,62,-80,0,25
1526902721491835,-17,82,-33,-35,-10,102,-10,-7
1526902721491835,-15,-31,-103,-89,-30,103,23,-26
1526902721498816,6,-33,-3,0,-79,-1,21,-7
1526902721498816,-22,16,-6,-34,-84,-93,-13,-20
1526902721507793,16,-52,-18,14,12,-44,-11,8
1526902721507793,19,29,48,28,78,17,5,5
1526902721521755,0,17,-4,6,57,-16,-5,0
1526902721521755,8,-25,-43,2,13,12,-8,-4
1526902721528736,-20,-36,3,13,-6,-39,-11,-15
1526902721528736,38,46,33,12,-31,0,-2,5
1526902721544694,6,4,-14,-1,16,7,4,13
1526902721544694,-4,-49,-27,-16,-9,22,-12,-16
1526902721551675,7,-9,16,-6,-7,5,5,6
1526902721551675,-4,6,23,21,5,-6,6,9
1526902721558656,20,7,-6,-3,3,-11,-8,12
1526902721558656,-25,-19,-19,-33,-11,32,25,15
1526902721567632,-19,2,13,-19,-19,-39,-51,-3
1526902721567632,-28,-40,-7,5,-13,-17,-45,-10
1526902721581595,80,75,9,19,12,-9,6,17
1526902721581595,-85,-59,-15,4,11,38,-1,-25
1526902721588576,17,-48,-6,-22,-8,-2,6,7
1526902721588576,-58,42,18,9,-14,-27,-4,-20
1526902721604534,-34,-66,-28,-15,6,13,19,-8
1526902721604534,58,44,-1,-25,-15,6,-2,1
1526902721611515,-12,6,13,13,11,-21,-2,-8
1526902721611515,-29,-24,5,11,1,16,52,-11
1526902721627472,-21,3,-6,-19,-19,-34,-5,7
1526902721627472,14,2,-2,19,15,24,28,4
1526902721629467,-5,-19,-1,5,8,-1,-7,-7
1526902721629467,14,22,7,-15,-39,1,24,5
1526902721642432,-9,5,-6,-4,19,3,-20,-9
1526902721642432,10,-7,7,29,44,15,12,6
1526902721648416,6,6,5,13,2,-2,-6,-12
1526902721648416,10,5,2,2,5,-9,-17,-6
1526902721664374,-11,-22,-30,-28,-31,-7,-3,-29
1526902721664374,7,-18,-10,-17,-15,2,-21,-13
1526902721671355,-3,34,38,14,10,9,16,-12
1526902721671355,20,0,-27,0,-13,-24,-6,12
1526902721687312,-12,-81,-24,-2,33,-75,-8,25
1526902721687312,10,114,40,29,11,81,-3,32
1526902721689307,-14,-24,-47,-32,-28,58,22,8
1526902721689307,3,-73,-63,-18,-22,-36,-1,8
1526902721701275,-9,80,68,32,3,-4,-11,13
1526902721701275,12,-3,-14,-15,10,-4,-4,9
1526902721710251,15,-72,-56,-7,29,-4,17,6
1526902721710251,-2,88,127,37,3,25,-9,1
1526902721724214,-16,-17,-53,-46,-27,10,7,-8
1526902721724214,-10,-16,-8,6,-6,-38,-12,-13
1526902721731195,29,17,9,11,-2,10,1,5
1526902721731195,6,-29,-31,-2,23,-13,-8,-5
1526902721748149,-10,7,7,21,11,8,-7,-2
1526902721748149,5,-18,2,-8,-21,-1,6,-3
1526902721749147,-11,-12,-5,-4,-2,-16,0,-5
1526902721749147,12,20,26,12,18,4,-1,3
1526902721761115,3,14,-3,-9,-7,30,4,-4
1526902721761115,-11,-18,-10,-8,-14,-2,-5,-5
1526902721770091,-20,-14,-12,5,-4,-20,-2,-8
1526902721770091,4,25,18,2,-1,-1,-4,0
1526902721785051,4,-2,2,-2,-4,23,3,-7
1526902721785051,-6,-27,-10,-6,-2,-16,-5,-7
1526902721791035,-1,16,9,12,2,-12,-2,-3
1526902721791035,-15,-3,-9,-5,0,10,3,-7
1526902721807990,7,0,1,-4,-1,8,2,-2
1526902721807990,3,-10,-5,7,4,-15,-5,-3
1526902721808987,-15,14,17,-3,-8,-2,3,2
1526902721808987,12,4,-12,-17,-6,8,-13,-5
1526902721820955,18,57,11,6,-4,-3,22,8
1526902721820955,-5,-15,1,19,14,-14,-18,2
1526902721829931,-23,-24,3,29,12,3,-3,-14
1526902721829931,1,24,-11,-22,1,4,-33,-5
1526902721844891,-9,-16,1,27,6,-3,-7,-1
1526902721844891,2,0,1,-10,-8,21,-10,-5
1526902721850875,-2,5,6,-7,-6,-35,-8,4
1526902721850875,-5,-2,-6,6,0,-11,-6,0
1526902721867830,9,-5,-9,-15,-11,-3,-12,4
1526902721867830,-7,-9,-6,-11,-5,1,0,4
1526902721869825,-5,-3,0,-3,-3,3,-3,-3
1526902721869825,-2,-12,-9,-3,-4,-3,11,5
1526902721881792,5,2,4,-5,2,12,4,5
1526902721881792,-4,-9,-3,-3,-3,-8,13,7
1526902721890768,3,15,-1,-8,-3,1,0,-1
1526902721890768,4,-6,-2,11,12,-1,12,5
1526902721904731,-12,-13,-8,0,0,11,-6,-5
1526902721904731,1,0,-18,-19,-17,-1,4,0
1526902721911712,3,-7,12,6,3,0,3,-3
1526902721911712,3,-5,-14,6,2,-22,-8,0
1526902721927670,-1,-37,3,12,-6,-46,-14,0
1526902721927670,-2,9,-22,-9,16,53,8,2
1526902721929664,7,-13,17,6,-22,63,7,-5
1526902721929664,-6,74,16,-5,-85,2,3,-16
1526902721941632,-3,-18,9,3,34,13,16,-13
1526902721941632,-5,-37,-91,-37,-53,-72,-3,1
1526902721950609,5,16,64,-4,-2,88,7,-6
1526902721950609,-5,-45,-33,-5,-29,-75,-9,-13
1526902721964571,-11,21,1,-7,-22,47,1,-3
1526902721964571,24,-5,8,2,23,-36,-4,-19
1526902721971552,-5,-2,-37,16,44,-63,-15,-12
1526902721971552,9,-13,8,21,23,10,-1,-7
1526902721987509,5,-2,12,12,-1,-17,-5,7
1526902721987509,-6,-3,24,13,20,4,5,10
1526902721989504,19,12,-5,-9,-15,-9,3,11
1526902721989504,-1,-7,13,-2,7,29,-6,10
1526902722001472,-28,-14,-11,-11,3,-4,16,15
1526902722001472,27,34,27,9,2,21,1,21
1526902722010448,-18,1,-19,-14,-26,-13,-3,7
1526902722010448,-3,-15,-5,3,26,22,51,14
1526902722024411,39,12,-14,-21,-5,-18,-55,7
1526902722024411,-54,-42,2,-4,-7,6,-11,-15
1526902722031392,-12,31,8,21,10,-7,15,-3
1526902722031392,11,-24,-12,-18,7,10,-22,0
1526902722047349,-23,-24,3,22,10,18,9,-9
1526902722047349,27,24,28,-9,-22,-8,41,5
1526902722049345,1,26,-6,8,12,-2,-31,-3
1526902722049345,-26,-29,-1,4,14,3,17,-8
1526902722061312,-6,10,-1,-15,-18,-6,0,-2
1526902722061312,7,2,8,9,7,20,-14,-12
1526902722070288,5,-4,-9,-7,4,-11,43,5
1526902722070288,13,17,5,-4,-1,9,-3,-7
1526902722084251,10,5,0,-6,-5,-10,-23,-3
1526902722084251,-7,2,2,5,9,-6,13,3
1526902722091232,3,2,-4,-11,-8,-1,-5,-10
1526902722091232,-13,-6,2,3,7,3,-13,-6
1526902722108187,10,-4,-7,-19,-18,-11,12,-3
1526902722108187,-16,2,6,26,21,8,-13,-8
1526902722109184,5,-40,-42,-16,-5,-8,-9,-9
1526902722109184,17,48,70,12,6,-1,5,-3
1526902722121152,-15,-15,-11,6,9,8,11,-23
1526902722121152,5,36,-34,-11,-15,1,-6,-28
1526902722130128,-12,-57,-2,-5,-5,-8,-6,-17
1526902722130128,-6,12,-28,4,18,-37,3,11
1526902722144090,12,51,22,6,-9,23,-1,39
1526902722144090,-10,-34,2,-12,-12,32,2,31
1526902722151072,-4,1,1,3,0,-32,-1,22
1526902722151072,-4,5,-2,-2,-15,18,-7,18
1526902722168027,4,-10,-14,-22,-11,29,2,0
1526902722168027,1,-14,-3,13,1,-72,-10,6
1526902722169024,0,33,28,0,18,65,7,2
1526902722169024,-6,-23,-65,-36,-17,-11,-1,-13
1526902722180992,11,-11,80,38,16,-18,0,-1
1526902722180992,-12,47,49,7,-2,10,1,-7
1526902722189968,-5,1,-4,1,-1,-28,-8,-4
1526902722189968,6,-30,-19,16,7,-7,-6,0
1526902722204928,0,-13,-25,-1,-2,-6,-2,-3
1526902722204928,15,4,7,-8,22,21,2,1
1526902722210912,-11,-6,-5,-9,-6,-4,3,-11
1526902722210912,-13,4,6,-3,-3,16,-1,1
1526902722227867,2,-7,-24,-8,-7,-7,0,-7
1526902722227867,-1,-8,6,9,-7,-12,-5,4
1526902722229861,3,18,-5,-2,-5,-1,-4,-4
1526902722229861,3,-11,6,-4,3,18,8,-6
1526902722241830,-10,6,-8,-1,0,-20,-17,-5
1526902722241830,-6,-14,-10,-3,-2,0,-1,-3
1526902722250806,0,8,3,-3,-3,3,-2,-3
1526902722250806,7,8,6,3,-3,-4,3,-1
1526902722264768,18,3,-1,-2,6,-1,3,12
1526902722264768,-18,-16,-7,-6,-4,6,13,-6
1526902722271749,0,1,-8,-6,-12,-8,-35,-17
1526902722271749,18,11,15,17,17,17,19,16
1526902722287706,13,-11,-10,-47,-27,-11,-25,2
1526902722287706,-23,-45,-9,55,32,6,-9,-12
1526902722289701,70,74,11,-3,-14,7,71,14
1526902722289701,-36,-30,-9,16,15,-1,18,-5
1526902722301669,2,-8,-3,14,16,8,6,0
1526902722301669,-10,-5,1,-22,-16,-3,5,-2
1526902722310646,-11,-27,-2,16,4,-19,-9,-5
1526902722310646,7,21,4,-12,-6,0,-46,-2
1526902722324608,0,4,-8,-6,-1,0,15,3
1526902722324608,4,9,2,-7,-7,-8,-4,4
1526902722331589,-13,-8,-4,-1,2,2,-15,5
1526902722331589,11,15,19,-6,-5,2,0,0
1526902722347547,-21,-7,-7,10,5,-2,-6,-3
1526902722347547,10,18,-2,-6,-4,1,-7,2
1526902722349542,-11,-6,-39,-15,-4,-3,-5,5
1526902722349542,-3,-26,20,0,-3,-4,-2,-2
1526902722361509,1,-3,-25,-2,2,-2,8,-2
1526902722361509,9,22,42,23,25,-23,5,8
1526902722370485,-4,-10,7,7,-6,3,-1,0
1526902722370485,-8,-3,-9,-29,-31,32,5,-9
1526902722384448,-5,-98,-99,-11,-9,-80,-12,-4
1526902722384448,24,89,69,35,14,68,0,14
1526902722391429,-37,-67,-52,-57,5,56,-4,-25
1526902722391429,7,-3,-16,19,-22,-48,-8,-1
1526902722407387,-4,12,31,-31,-4,71,15,-3
1526902722407387,-5,-18,-45,-21,-22,-57,-6,-9
1526902722414368,0,15,28,21,-1,-29,-14,-1
1526902722414368,-8,-4,-10,-5,19,11,3,-1
1526902722421349,10,17,7,17,3,-22,-1,6
1526902722421349,-7,-1,4,1,-3,-2,-1,0
1526902722430326,-10,15,22,9,5,11,3,-2
1526902722430326,11,-17,-19,-12,-3,-11,-5,-2
1526902722444288,-8,30,27,18,8,6,3,9
1526902722444288,7,-12,-10,-16,-4,17,2,3
1526902722451269,-2,-15,-1,2,-2,-10,13,0
1526902722451269,-6,3,-5,-5,1,-13,-8,-7
1526902722467226,5,20,19,15,9,17,3,2
1526902722467226,0,-15,-20,-17,-10,6,0,-4
1526902722474208,-11,-16,-5,7,0,-14,-3,1
1526902722474208,10,33,19,0,2,-1,4,6
1526902722481189,9,17,11,-15,-16,14,22,8
1526902722481189,-33,-47,-26,-23,-9,-19,-38,-18
1526902722490165,42,79,31,90,55,8,2,10
1526902722490165,-80,-73,-13,-13,1,9,-38,-22
1526902722505125,27,32,-2,15,9,7,61,-8
1526902722505125,56,59,17,-19,-16,-16,16,22
1526902722511109,-33,-50,-7,-15,-19,-22,-81,-20
1526902722511109,6,-3,-2,2,4,-1,66,3
1526902722527067,-37,-39,-11,-10,-6,0,-67,-14
1526902722527067,-13,-17,-17,-7,-5,8,36,-7
1526902722534048,14,17,6,-12,-4,-10,14,3
1526902722534048,23,3,-4,1,0,-2,-6,3
1526902722550005,-12,-4,6,-2,-1,-6,-10,2
1526902722550005,1,-10,-7,7,3,-6,-4,-5
1526902722552000,6,10,11,-6,-4,12,11,1
1526902722552000,-4,-18,-9,-4,-1,-3,-9,-2
1526902722564965,0,-3,-27,-3,5,-14,-3,5
1526902722564965,-8,62,74,29,2,18,-9,-1
1526902722570949,-10,-29,10,-11,7,-3,15,-4
1526902722570949,2,8,0,-4,-15,9,-6,6
1526902722586906,13,-5,54,20,-21,-81,-8,-2
1526902722586906,5,47,38,27,-9,47,0,12
1526902722593888,-21,-31,-57,-47,-26,69,6,-21
1526902722593888,13,-6,35,-15,-17,10,12,-6
1526902722609845,-7,-82,-50,-3,-1,-19,-11,-5
1526902722609845,-18,69,27,28,29,-26,-6,-2
1526902722611840,6,-53,-20,-20,12,-8,12,-4
1526902722611840,8,7,-24,7,0,-1,-12,0
1526902722624805,-1,8,-1,3,4,2,0,3
1526902722624805,2,-77,-56,-4,2,-27,-11,-1
1526902722631786,-5,26,8,12,0,1,-2,-3
1526902722631786,8,19,2,-5,7,-3,-1,-7
1526902722646747,-20,13,1,-2,-3,16,1,-1
1526902722646747,12,-33,-25,-15,-2,7,1,0
1526902722653728,-5,21,18,2,-19,-12,-6,3
1526902722653728,3,-8,-11,2,7,-11,7,3
1526902722670683,0,21,8,2,10,18,-10,7
1526902722670683,1,-18,-23,-19,-12,13,-10,-3
1526902722671680,-2,-4,2,9,-4,-23,6,3
1526902722671680,-13,-22,-8,-6,0,-5,-2,3
1526902722684645,1,10,2,2,12,40,10,1
1526902722684645,7,7,-10,-21,5,-20,-21,-3
1526902722691626,18,43,1,-26,-41,-45,-20,11
1526902722691626,-6,0,13,80,67,65,3,-1
1526902722707584,-24,-14,-2,-12,-5,-22,-23,-11
1526902722707584,14,-2,-16,-20,-22,-12,2,2
1526902722713568,-6,12,-5,-21,-4,0,23,-5
1526902722713568,2,6,7,-1,-2,12,20,12
1526902722737504,-1,12,2,1,-3,5,7,-4
1526902722737504,-19,-58,-13,6,9,2,-1,-11
1526902722739499,5,5,1,0,-4,-9,-8,-1
1526902722739499,-5,13,-5,-17,-14,-3,-2,4
1526902722744485,16,7,4,5,7,7,6,5
1526902722744485,-8,-12,-12,-7,-6,-5,11,-2
1526902722751466,-2,-14,-1,7,5,9,14,-2
1526902722751466,8,9,-1,-3,-3,-17,-13,0
1526902722767423,1,6,6,5,2,5,-7,3
1526902722767423,-13,-21,-13,-13,-7,2,6,-8
1526902722774405,6,10,-18,12,20,-16,-6,-2
1526902722774405,10,-5,13,14,-7,-64,-17,10
1526902722790362,-7,0,5,-21,-1,77,0,-3
1526902722790362,-9,-42,-12,-13,-19,15,14,-10
1526902722792357,0,74,71,37,37,-6,-6,-8
1526902722792357,15,6,-36,5,0,-120,-18,8
1526902722804325,7,-27,-42,2,32,60,3,27
1526902722804325,-6,75,38,28,80,119,20,-14
1526902722813301,-34,-66,-46,-47,-97,-34,10,-26
1526902722813301,8,48,-2,-41,-17,-67,-5,-15
1526902722827264,0,10,35,14,29,-32,9,-1
1526902722827264,-1,-29,-49,-53,-14,-35,-9,-9
1526902722834245,7,-15,3,27,26,-5,-14,5
1526902722834245,2,4,9,20,10,4,-10,-1
1526902722850202,-13,-16,-26,17,1,-44,-2,2
1526902722850202,-1,-14,-1,13,-3,-10,-2,-7
1526902722852197,17,-3,2,2,11,14,-3,9
1526902722852197,-32,-36,-10,-12,-20,40,0,-1
1526902722864165,36,33,19,-4,-4,-1,6,7
1526902722864165,-22,-15,-2,4,-18,-11,3,5
1526902722873141,-4,-7,0,-6,2,-6,0,-1
1526902722873141,27,4,0,-6,11,35,3,16
1526902722887104,-27,2,0,-1,-24,2,-1,-3
1526902722887104,26,34,0,-6,-18,-23,34,6
1526902722894085,3,-42,-20,-7,12,-3,-62,7
1526902722894085,-30,-8,15,17,18,29,4,-5
1526902722910042,29,26,-2,-30,-26,-15,24,2
1526902722910042,44,35,12,-5,-22,-25,34,18
1526902722912037,-24,-9,-1,3,11,20,23,-13
1526902722912037,-10,-24,-4,22,34,63,48,-8
1526902722924005,-12,-18,-3,15,2,-46,-35,-4
1526902722924005,-24,-3,-8,-11,-2,-19,-13,-8
1526902722932981,11,15,7,4,-12,-8,49,0
1526902722932981,3,-2,-6,-32,-23,-7,-34,-10
1526902722946944,1,1,-4,7,-2,3,7,-5
1526902722946944,-5,-13,-4,1,-2,10,-13,1
1526902722953925,6,5,2,-1,3,-4,-12,-2
1526902722953925,2,-4,-4,-5,-8,8,1,0
1526902722969882,-7,4,1,-8,0,2,-3,-7
1526902722969882,-6,-15,-1,5,-2,-13,-28,-5
1526902722971877,-9,-8,-4,4,7,4,6,-9
1526902722971877,1,6,-2,-3,-4,0,3,4
1526902722983845,11,1,0,-5,-10,-1,-5,-4
1526902722983845,-13,-13,-2,12,12,-4,-4,-2
1526902722992821,-13,5,-3,4,3,5,-10,6
1526902722992821,-5,-51,-43,-19,3,-32,7,8
1526902723006783,15,70,86,23,10,24,3,15
1526902723006783,-1,-11,-11,4,-19,-5,-3,2
1526902723013765,-2,-11,-13,0,9,33,2,-2
1526902723013765,-6,17,10,-10,-15,-7,-9,2
1526902723030720,-3,-45,-54,-5,9,-21,1,4
1526902723030720,2,5,38,11,6,3,-3,1
1526902723031719,4,17,31,3,-8,-8,4,3
1526902723031719,11,4,-5,-1,-8,12,-4,-4
1526902723043685,-20,9,0,-6,-2,-11,2,-10
1526902723043685,-7,-2,5,7,9,-7,-7,-4
1526902723052661,15,-7,-20,1,2,-1,3,1
1526902723052661,-1,-3,9,0,-6,-1,-5,-3
1526902723066624,8,8,8,9,0,7,4,0
1526902723066624,-7,-15,-29,-13,5,-8,-8,-4
1526902723073605,-4,-4,18,25,55,-45,-7,7
1526902723073605,11,-28,-19,-6,-42,21,1,5
1526902723090559,-10,51,22,-49,-35,70,21,-12
1526902723090559,-7,-1,-6,2,-12,-3,-2,-11
1526902723091558,3,-24,-35,-19,-5,8,-1,-8
1526902723091558,0,23,28,18,18,-24,-10,-3
1526902723103525,2,-41,-25,9,8,-20,-9,3
1526902723103525,-5,-4,-5,-2,-4,-2,0,0
1526902723112501,-8,14,10,2,-9,-2,0,-6
1526902723112501,3,5,-9,0,3,4,-5,-2
1526902723127461,-23,-13,-14,-6,-8,-6,1,-9
1526902723127461,7,4,2,2,10,-4,1,1
1526902723133445,6,-8,-2,6,-6,-1,0,-4
1526902723133445,3,11,4,-7,3,13,2,1
1526902723150399,18,-7,-1,4,6,-10,6,11
1526902723150399,-5,-5,3,5,0,-12,-14,-9
1526902723151397,5,4,-2,-5,-9,10,4,3
1526902723151397,-4,2,2,-2,0,8,4,4
1526902723164362,-8,-21,-8,0,-1,-15,-6,3
1526902723164362,-12,-5,-3,3,2,3,2,12
1526902723173339,12,22,8,-5,-10,6,1,1
1526902723173339,18,20,11,4,6,1,-1,4
1526902723187301,-14,6,-5,2,0,-17,-14,9
1526902723187301,-7,-51,-11,-8,1,12,53,-2
1526902723194282,-15,7,-2,-4,2,12,-35,-5
1526902723194282,17,14,2,-2,-1,-19,1,2
1526902723210239,1,-4,-2,1,-1,1,-23,-5
1526902723210239,2,4,-2,-3,-3,2,-3,-2
1526902723212235,-11,-5,4,-2,-4,-1,2,-5
1526902723212235,-10,-12,-3,0,0,2,-6,0
1526902723224202,-1,-3,-3,-3,-3,-4,2,-5
1526902723224202,-8,8,3,4,-1,-20,-35,-2
1526902723233178,4,-9,-6,-2,-3,11,27,4
1526902723233178,-7,4,-2,0,3,7,-7,-3
1526902723247141,6,-8,-2,2,1,-2,4,-1
1526902723247141,-3,0,-4,-1,3,1,-4,-5
1526902723254122,1,3,-2,-3,-7,-5,-1,-2
1526902723254122,-4,8,7,-2,1,-3,-2,-6
1526902723270079,-4,-4,-2,4,-6,-1,28,-2
1526902723270079,6,0,-3,-1,-2,4,-40,-4
1526902723272074,3,14,5,7,9,-2,10,-3
1526902723272074,-3,-4,-1,-4,-2,6,5,-1
1526902723284042,8,-14,-8,-2,-1,-21,-6,0
1526902723284042,-4,21,-20,-9,-4,8,-4,-1
1526902723293019,4,-29,-42,-1,8,-45,-3,9
1526902723293019,1,39,87,29,-3,40,3,5
1526902723306981,-5,-11,-17,-14,3,-3,8,-1
1526902723306981,0,-13,-40,-11,-21,16,8,0
1526902723313962,-8,1,42,-10,-42,6,-5,-11
1526902723313962,5,13,-52,4,28,-88,2,2
1526902723329919,-1,-57,-30,-2,42,87,-12,12
1526902723329919,1,79,90,10,-9,55,19,-6
1526902723336901,-2,30,7,-3,-15,1,9,-8
1526902723336901,-1,-27,-23,-5,2,1,-9,-7
1526902723343882,7,-19,11,11,-14,-55,-4,-1
1526902723343882,8,-3,-20,9,28,-37,-6,4
1526902723352858,3,-10,-10,-2,7,22,-6,2
1526902723352858,-10,7,15,1,-22,6,8,3
1526902723366821,-12,-1,-20,-5,5,-11,-6,-13
1526902723366821,7,-4,6,2,4,-2,7,4
1526902723373802,-23,1,4,2,-10,-2,-2,-11
1526902723373802,2,-39,-17,-10,7,7,-1,6
1526902723389759,0,30,16,3,-8,-3,4,3
1526902723389759,9,-2,-1,-7,-2,0,-8,-1
1526902723396741,-10,-26,0,8,15,-3,0,-1
1526902723396741,3,7,-8,-14,2,7,9,-1
1526902723403722,-1,11,8,11,-15,10,4,-3
1526902723403722,-34,-58,-8,3,-1,-27,-34,-21
1526902723412698,58,54,-4,-69,-40,5,26,17
1526902723412698,-19,-16,-14,0,6,-23,-64,-13
1526902723426661,-43,2,9,41,20,19,5,-7
1526902723426661,-15,-40,-18,-8,1,-26,-10,-16
1526902723433642,-13,-24,-6,21,6,9,-38,-16
1526902723433642,19,33,6,-30,-15,18,16,9
